arm,block,goal_idx,region,spawn_dist,steps,reached,goal_x,goal_y,spawn_px,spawn_py,trace_cx,trace_cy
trace,exposure,0,frequent,275.3,72,1,163.8,258.5,400,400,388.2,392.9
trace,exposure,1,frequent,81.9,40,1,371.8,299.3,290,303,387.4,388.2
trace,exposure,2,rare,254.8,24,1,610.5,443.7,359,403,398.5,391.0
trace,exposure,3,frequent,379.0,48,1,238.9,141.5,496,420,390.5,378.5
trace,exposure,4,frequent,278.2,25,1,197.0,253.3,465,328,380.9,372.3
trace,exposure,5,frequent,251.5,30,1,398.4,170.8,216,344,381.7,362.2
trace,exposure,6,rare,371.2,213,1,587.3,654.8,425,321,392.0,376.8
trace,exposure,7,frequent,250.6,18,1,194.0,194.9,386,356,382.1,367.7
trace,exposure,8,frequent,65.4,4,1,199.4,228.1,262,247,373.0,360.8
trace,exposure,9,frequent,252.9,26,1,386.3,396.0,265,174,373.7,362.5
trace,exposure,10,frequent,271.3,27,1,213.3,239.3,257,507,365.6,356.4
trace,exposure,11,frequent,254.9,83,1,393.4,157.6,197,320,367.0,346.4
trace,exposure,12,frequent,254.5,58,1,216.3,151.4,353,366,359.5,336.7
trace,exposure,13,frequent,59.2,3,1,188.4,331.5,245,349,350.9,336.4
trace,exposure,14,rare,298.4,27,1,606.5,570.0,336,444,363.7,348.1
trace,exposure,15,frequent,476.3,71,1,162.6,314.0,574,554,353.7,346.4
trace,exposure,16,frequent,290.1,25,1,176.6,224.1,435,356,344.8,340.3
trace,exposure,17,frequent,133.5,10,1,393.3,175.4,334,295,347.2,332.0
trace,exposure,18,frequent,261.0,68,1,251.9,142.7,392,363,342.5,322.6
trace,exposure,19,frequent,141.7,12,1,359.7,225.1,218,221,343.3,317.7
trace,exposure,20,frequent,262.2,24,1,142.1,192.2,353,348,333.3,311.4
trace,exposure,21,frequent,255.0,22,1,154.5,399.1,278,176,324.3,315.8
trace,exposure,22,frequent,278.2,22,1,360.1,347.3,130,191,326.1,317.4
trace,exposure,23,frequent,360.3,41,1,377.6,147.3,283,495,328.7,308.9
trace,exposure,24,rare,268.7,77,1,632.7,433.1,364,435,343.9,315.1
trace,exposure,25,frequent,294.1,25,1,188.9,396.9,442,247,336.1,319.2
trace,exposure,26,frequent,301.3,108,1,395.0,186.9,250,451,339.1,312.6
trace,exposure,27,frequent,288.4,155,1,140.2,378.7,426,340,329.1,315.9
trace,exposure,28,frequent,252.6,21,1,157.6,206.7,365,351,320.6,310.4
trace,exposure,29,frequent,189.8,12,1,326.9,170.6,188,300,320.9,303.4
trace,exposure,30,frequent,126.6,9,1,377.7,346.7,322,233,323.7,305.6
trace,exposure,31,frequent,266.0,26,1,204.1,142.6,241,406,317.7,297.4
trace,exposure,32,frequent,268.6,26,1,279.7,386.2,190,133,315.8,301.9
trace,exposure,33,frequent,273.8,43,1,181.8,197.4,334,425,309.1,296.7
trace,exposure,34,rare,296.0,23,1,582.7,624.8,359,431,322.8,313.1
trace,exposure,35,frequent,329.3,38,1,291.1,175.0,538,393,321.2,306.2
trace,exposure,36,frequent,279.9,23,1,226.0,173.3,460,327,316.5,299.5
trace,exposure,37,frequent,270.3,37,1,390.8,141.4,239,365,320.2,291.6
trace,exposure,38,frequent,251.9,170,1,177.8,380.7,426,338,313.1,296.1
trace,exposure,39,frequent,258.1,19,1,156.7,197.7,365,350,305.2,291.1
trace,exposure,40,frequent,191.0,18,1,373.7,266.2,188,311,308.7,289.9
trace,exposure,41,frequent,271.5,22,1,157.9,180.3,373,346,301.1,284.4
trace,exposure,42,frequent,251.5,21,1,154.2,386.7,280,169,293.8,289.5
trace,exposure,43,rare,608.2,52,1,591.8,566.5,143,156,308.7,303.4
trace,exposure,44,frequent,346.2,97,1,320.4,168.9,395,507,309.3,296.7
trace,exposure,45,frequent,251.4,73,1,398.9,393.7,268,179,313.7,301.5
trace,exposure,46,frequent,287.2,27,1,386.6,170.8,387,458,317.4,295.0
trace,exposure,47,frequent,271.4,27,1,245.3,150.9,219,421,313.8,287.8
trace,exposure,48,rare,446.7,38,1,458.0,526.1,220,148,321.0,299.7
trace,exposure,49,frequent,256.7,77,1,140.0,178.1,356,317,311.9,293.6
trace,exposure,50,frequent,290.6,59,1,158.7,144.1,352,361,304.3,286.1
trace,exposure,51,rare,385.3,93,1,654.9,184.0,270,202,321.8,281.0
trace,exposure,52,frequent,277.8,79,1,188.3,297.2,461,244,315.1,281.8
trace,exposure,53,frequent,262.5,103,1,184.0,153.4,346,360,308.6,275.4
trace,exposure,54,frequent,282.5,29,1,289.1,182.9,375,452,307.6,270.8
trace,exposure,55,frequent,271.3,26,1,363.0,143.7,290,405,310.4,264.4
trace,exposure,56,frequent,275.6,26,1,185.4,293.9,461,290,304.1,265.9
trace,exposure,57,frequent,347.4,32,1,364.1,229.1,252,558,307.1,264.1
trace,exposure,58,frequent,250.9,133,1,177.7,382.8,426,347,300.7,270.0
trace,exposure,59,frequent,287.4,24,1,143.1,165.4,365,348,292.8,264.8
trace,exposure,60,frequent,255.4,21,1,389.8,160.9,175,299,297.6,259.6
trace,exposure,61,frequent,257.7,20,1,185.9,150.2,350,349,292.0,254.1
trace,exposure,62,frequent,258.8,21,1,141.3,394.8,281,177,284.5,261.2
trace,exposure,63,frequent,252.0,70,1,387.0,174.5,135,170,289.6,256.8
trace,exposure,64,frequent,327.3,73,1,308.4,163.6,409,475,290.6,252.2
trace,exposure,65,frequent,131.6,11,1,263.7,316.6,267,185,289.2,255.4
trace,exposure,66,frequent,281.4,26,1,311.2,162.1,328,443,290.3,250.7
trace,exposure,67,frequent,54.4,3,1,295.5,334.5,305,281,290.6,254.9
trace,exposure,68,frequent,250.6,182,1,206.0,301.1,296,535,286.4,257.2
trace,exposure,69,frequent,263.5,86,1,176.9,170.4,376,343,280.9,252.9
trace,exposure,70,frequent,256.5,26,1,376.4,142.1,203,331,285.7,247.3
trace,exposure,71,frequent,269.9,23,1,150.5,179.9,364,345,278.9,244.0
trace,exposure,72,frequent,252.9,20,1,140.1,382.7,283,174,272.0,250.9
trace,exposure,73,frequent,252.2,19,1,295.4,358.3,137,162,273.1,256.3
trace,exposure,74,frequent,276.6,29,1,242.8,172.0,337,432,271.6,252.1
trace,exposure,75,frequent,279.8,70,1,308.1,140.5,351,417,273.4,246.5
trace,exposure,76,frequent,259.0,27,1,321.2,142.2,281,398,275.8,241.3
trace,exposure,77,frequent,283.9,93,1,197.6,145.1,448,279,271.9,236.5
trace,exposure,78,frequent,262.5,19,1,397.9,320.2,207,140,278.2,240.6
trace,exposure,79,frequent,251.5,81,1,153.5,384.1,405,380,272.0,247.8
trace,exposure,80,frequent,282.6,25,1,155.8,148.7,360,344,266.2,242.9
trace,exposure,81,frequent,252.6,25,1,368.4,157.0,178,323,271.3,238.6
trace,exposure,82,frequent,261.6,22,1,165.6,158.6,347,347,266.0,234.6
trace,exposure,83,frequent,107.2,6,1,207.9,258.4,281,180,263.1,235.8
trace,exposure,84,frequent,311.3,33,1,387.5,358.8,167,139,269.3,241.9
trace,exposure,85,frequent,262.3,34,1,329.2,163.1,344,425,272.3,238.0
trace,exposure,86,frequent,290.8,28,1,352.3,140.4,363,431,276.3,233.1
trace,exposure,87,frequent,13.8,1,1,283.4,297.9,273,307,276.7,236.3
trace,exposure,88,rare,284.3,86,1,228.8,632.2,397,403,274.3,256.1
trace,exposure,89,frequent,335.5,41,1,264.0,173.2,297,507,273.8,252.0
trace,exposure,90,frequent,274.4,76,1,172.9,238.5,424,349,268.7,251.3
trace,exposure,91,rare,269.7,21,1,167.5,517.2,383,355,263.6,264.6
trace,exposure,92,rare,298.6,84,1,235.2,652.8,276,357,262.2,284.0
trace,exposure,93,rare,324.1,30,1,598.3,563.3,295,449,279.0,298.0
trace,exposure,94,frequent,282.9,26,1,245.7,221.3,513,314,277.4,294.1
trace,exposure,95,frequent,255.3,169,1,392.3,166.1,168,288,283.1,287.7
trace,exposure,96,frequent,330.7,116,1,151.4,204.6,373,450,276.5,283.6
trace,exposure,97,frequent,46.6,2,1,249.2,282.0,237,237,275.2,283.5
trace,exposure,98,frequent,73.4,5,1,268.3,252.7,286,324,274.8,282.0
trace,exposure,99,frequent,315.7,32,1,197.1,153.8,350,430,270.9,275.6
trace,exposure,100,frequent,80.3,4,1,378.5,208.4,327,270,276.3,272.2
trace,exposure,101,frequent,252.0,20,1,155.1,200.3,368,335,270.2,268.6
trace,exposure,102,frequent,274.0,47,1,174.3,143.9,356,349,265.5,262.4
trace,exposure,103,rare,379.9,38,1,634.5,184.5,255,202,283.9,258.5
trace,exposure,104,frequent,252.3,23,1,281.1,227.8,521,306,283.8,256.9
trace,exposure,105,frequent,267.5,31,1,374.0,367.9,212,155,288.3,262.5
trace,exposure,106,frequent,284.8,50,1,171.4,208.5,384,398,282.4,259.8
trace,exposure,107,frequent,258.7,24,1,397.4,174.4,243,382,288.2,255.5
trace,exposure,108,rare,484.3,74,1,617.7,610.2,278,265,304.7,273.3
trace,exposure,109,frequent,257.3,22,1,244.6,284.8,470,409,301.7,273.8
trace,exposure,110,rare,330.2,53,1,607.1,447.6,277,440,316.9,282.5
trace,exposure,111,frequent,256.9,27,1,215.2,264.0,444,381,311.8,281.6
trace,exposure,112,frequent,260.0,54,1,146.7,192.8,361,340,303.6,277.2
trace,exposure,113,rare,279.3,36,1,507.3,579.3,327,366,313.8,292.3
trace,exposure,114,frequent,295.1,27,1,252.4,208.4,363,482,310.7,288.1
trace,exposure,115,rare,508.7,51,1,656.4,520.4,282,176,328.0,299.7
trace,exposure,116,frequent,280.1,52,1,232.0,160.6,458,326,323.2,292.7
trace,exposure,117,rare,345.9,64,1,596.3,158.5,362,413,336.8,286.0
trace,exposure,118,frequent,371.3,118,1,142.1,175.6,390,452,327.1,280.5
trace,exposure,119,frequent,109.2,7,1,185.0,334.2,242,241,320.0,283.2
trace,test,0,rare,343.3,29,1,575.7,141.7,292,335,332.8,276.1
trace,test,1,rare,314.4,28,1,187.1,519.4,435,326,325.5,288.3
trace,test,2,rare,288.8,26,1,642.2,538.7,390,398,341.3,300.8
trace,test,3,rare,269.4,22,1,167.7,507.1,402,374,332.7,311.1
trace,test,4,rare,270.6,26,1,237.9,599.5,272,331,327.9,325.5
trace,test,5,rare,256.9,19,1,502.7,277.6,336,473,336.7,323.1
trace,test,6,rare,264.2,20,1,321.4,473.7,537,321,335.9,330.7
trace,test,7,rare,271.8,21,1,572.5,159.1,410,377,347.7,322.1
trace,test,8,rare,275.6,43,1,553.0,187.2,398,415,358.0,315.3
trace,test,9,frequent,299.3,29,1,383.2,156.4,403,455,359.2,307.4
trace,test,10,rare,261.1,23,1,157.6,504.7,276,272,349.2,317.2
trace,test,11,frequent,332.3,34,1,236.8,151.3,367,457,343.5,309.0
trace,test,12,rare,266.7,27,1,560.8,377.4,298,332,354.4,312.4
trace,test,13,rare,259.9,24,1,347.7,573.7,438,330,354.1,325.4
trace,test,14,rare,255.0,67,1,154.8,406.3,408,437,344.1,329.5
trace,test,15,rare,344.2,124,1,619.6,601.0,371,363,357.9,343.1
trace,test,16,rare,374.5,35,1,531.0,207.5,410,562,366.5,336.3
trace,test,17,rare,365.2,28,1,313.2,639.2,535,349,363.9,351.4
trace,test,18,rare,473.4,88,1,644.6,300.8,266,585,377.9,348.9
trace,test,19,frequent,349.0,27,1,140.4,216.7,400,450,366.0,342.3
trace,test,20,rare,263.7,18,1,599.1,296.7,404,474,377.7,340.0
trace,test,21,frequent,371.3,38,1,181.8,262.8,553,271,367.9,336.1
trace,test,22,rare,303.8,29,1,579.7,334.6,278,299,378.5,336.1
trace,test,23,rare,316.1,65,1,503.4,614.7,464,301,384.7,350.0
trace,test,24,frequent,336.9,24,1,189.8,206.8,422,451,375.0,342.8
trace,test,25,rare,279.1,27,1,542.1,607.0,403,365,383.3,356.0
trace,test,26,frequent,328.6,31,1,177.3,393.9,502,344,373.0,357.9
trace,test,27,rare,264.6,29,1,615.6,475.7,351,474,385.2,363.8
trace,test,28,frequent,375.0,37,1,211.8,237.7,539,421,376.5,357.5
trace,test,29,rare,372.8,41,1,316.6,480.1,164,140,373.5,363.7
trace,test,30,rare,288.2,196,1,158.1,638.4,389,466,362.7,377.4
trace,test,31,frequent,280.1,26,1,381.8,183.0,334,459,363.7,367.7
trace,test,32,frequent,358.6,35,1,146.4,305.9,497,381,352.8,364.6
trace,test,33,rare,322.3,34,1,639.2,348.9,330,440,367.1,363.8
trace,test,34,rare,271.3,181,1,548.5,650.0,448,398,376.2,378.1
trace,test,35,rare,250.6,28,1,416.5,339.4,502,575,378.2,376.2
trace,test,36,rare,296.8,39,1,490.9,218.2,365,487,383.8,368.3
trace,test,37,rare,372.3,29,1,315.3,625.8,544,332,380.4,381.1
trace,test,38,rare,356.9,30,1,446.9,242.8,257,545,383.7,374.2
trace,test,39,frequent,263.9,54,1,376.6,165.2,401,428,383.4,363.8
trace,test,40,frequent,282.3,32,1,286.5,203.2,392,465,378.5,355.8
trace,test,41,rare,296.7,32,1,602.4,496.9,307,469,389.7,362.8
trace,test,42,rare,284.5,21,1,294.0,566.0,472,344,384.9,373.0
trace,test,43,rare,265.7,22,1,422.2,232.9,281,458,386.8,366.0
trace,test,44,rare,332.1,53,1,159.0,524.1,443,352,375.4,373.9
trace,test,45,frequent,274.2,22,1,269.3,183.7,410,419,370.1,364.4
trace,test,46,rare,294.2,29,1,282.8,645.4,375,366,365.8,378.4
trace,test,47,rare,327.1,33,1,498.3,266.9,230,454,372.4,372.8
trace,test,48,rare,312.0,26,1,569.3,574.2,322,384,382.2,382.9
trace,test,49,rare,270.2,93,1,649.7,181.0,493,401,395.6,372.8
trace,test,50,frequent,281.7,89,1,359.7,151.6,409,429,393.8,361.8
trace,test,51,rare,301.3,28,1,634.2,273.6,412,477,405.8,357.3
trace,test,52,frequent,479.4,48,1,200.5,239.7,641,429,395.6,351.5
trace,test,53,rare,322.2,31,1,407.3,584.2,276,290,396.1,363.1
trace,test,54,frequent,314.4,30,1,351.7,149.7,342,464,393.9,352.4
trace,test,55,frequent,309.9,23,1,255.1,149.4,444,395,387.0,342.3
trace,test,56,rare,257.3,24,1,342.3,623.5,401,373,384.7,356.3
trace,test,57,rare,310.0,82,1,156.8,583.2,377,365,373.4,367.7
trace,test,58,rare,294.3,31,1,643.2,468.3,349,474,386.8,372.7
trace,test,59,rare,331.2,26,1,247.9,652.1,508,447,379.9,386.7
trace,test,60,frequent,294.7,29,1,332.0,291.7,258,577,377.5,381.9
trace,test,61,rare,322.4,232,1,152.2,646.1,394,433,366.2,395.1
trace,test,62,rare,372.4,27,1,581.8,190.4,326,461,377.0,384.9
trace,test,63,rare,394.5,47,1,253.5,655.9,452,315,370.8,398.5
trace,test,64,rare,299.9,28,1,639.3,536.1,357,435,384.3,405.3
trace,test,65,rare,269.2,42,1,620.4,232.4,462,450,396.1,396.7
trace,test,66,rare,291.5,31,1,229.6,611.8,433,403,387.7,407.4
trace,test,67,rare,412.8,50,1,646.6,353.4,247,457,400.7,404.7
trace,test,68,rare,271.6,49,1,212.1,462.4,452,335,391.3,407.6
trace,test,69,rare,350.2,116,1,659.4,451.8,315,515,404.7,409.8
trace,test,70,rare,292.8,22,1,594.8,231.1,405,454,414.2,400.9
trace,test,71,rare,269.2,22,1,627.3,619.1,400,475,424.8,411.8
trace,test,72,rare,330.0,24,1,605.1,247.6,389,497,433.8,403.6
trace,test,73,rare,338.9,34,1,453.7,654.7,467,316,434.8,416.2
trace,test,74,rare,434.4,49,1,400.1,197.8,489,623,433.1,405.2
trace,test,75,rare,293.1,28,1,380.4,640.5,451,356,430.5,417.0
trace,test,76,frequent,418.8,155,1,143.6,156.8,426,466,416.1,404.0
trace,test,77,rare,311.8,44,1,492.0,590.9,238,410,419.9,413.3
trace,test,78,rare,344.2,223,1,657.7,588.3,336,466,431.8,422.1
trace,test,79,frequent,275.0,22,1,176.6,356.9,407,507,419.0,418.8
trace,exposure,0,frequent,268.9,22,1,153.0,293.8,400,400,387.7,394.7
trace,exposure,1,frequent,262.2,33,1,155.9,147.1,294,370,376.1,382.3
trace,exposure,2,frequent,128.8,9,1,348.4,348.2,277,241,374.7,380.6
trace,exposure,3,rare,300.3,26,1,527.3,153.5,389,420,382.3,369.2
trace,exposure,4,frequent,257.1,37,1,163.2,164.3,340,351,371.4,359.0
trace,exposure,5,rare,302.1,28,1,563.3,503.7,329,313,381.0,366.2
trace,exposure,6,rare,361.4,27,1,155.8,604.8,416,354,369.7,378.2
trace,exposure,7,frequent,304.7,22,1,190.9,208.6,388,441,360.8,369.7
trace,exposure,8,frequent,288.3,27,1,399.5,195.4,257,446,362.7,361.0
trace,exposure,9,frequent,307.6,127,1,152.4,144.0,360,371,352.2,350.1
trace,exposure,10,rare,253.5,23,1,518.5,548.8,369,344,360.5,360.1
trace,exposure,11,frequent,361.1,150,1,199.9,171.8,363,494,352.5,350.6
trace,exposure,12,frequent,76.3,5,1,276.4,235.9,290,311,348.7,344.9
trace,exposure,13,frequent,162.2,100,1,184.5,314.1,271,177,340.4,343.4
trace,exposure,14,frequent,176.6,11,1,202.3,229.1,332,349,333.5,337.7
trace,exposure,15,frequent,83.6,6,1,243.4,291.7,324,314,329.0,335.4
trace,exposure,16,rare,281.8,42,1,436.0,590.2,356,320,334.4,348.1
trace,exposure,17,frequent,257.2,19,1,251.5,225.5,395,439,330.2,342.0
trace,exposure,18,rare,400.6,42,1,596.1,167.5,263,390,343.5,333.2
trace,exposure,19,frequent,271.3,19,1,159.0,185.7,359,369,334.3,325.9
trace,exposure,20,frequent,101.9,8,1,363.8,388.6,326,294,335.8,329.0
trace,exposure,21,frequent,274.4,49,1,189.3,147.3,395,329,328.5,319.9
trace,exposure,22,frequent,258.2,172,1,151.2,193.4,321,388,319.6,313.6
trace,exposure,23,frequent,91.1,7,1,206.3,281.5,291,248,313.9,312.0
trace,exposure,24,rare,270.3,23,1,507.1,567.7,384,327,323.6,324.8
trace,exposure,25,rare,276.9,28,1,557.6,658.3,398,432,335.3,341.5
trace,exposure,26,frequent,273.2,201,1,153.4,153.9,368,323,326.2,332.1
trace,exposure,27,frequent,288.0,27,1,209.1,142.1,295,417,320.3,322.6
trace,exposure,28,frequent,102.4,8,1,233.5,160.3,270,256,316.0,314.5
trace,exposure,29,frequent,285.7,22,1,193.0,142.1,364,371,309.8,305.8
trace,exposure,30,frequent,116.9,10,1,209.2,307.7,326,301,304.8,305.9
trace,exposure,31,rare,298.9,29,1,406.6,615.9,358,321,309.9,321.4
trace,exposure,32,frequent,290.6,27,1,281.1,174.1,359,454,308.5,314.1
trace,exposure,33,frequent,281.6,71,1,141.8,183.7,353,370,300.1,307.5
trace,exposure,34,rare,414.3,69,1,654.9,510.5,312,278,317.9,317.7
trace,exposure,35,frequent,331.0,22,1,192.3,231.4,439,452,311.6,313.4
trace,exposure,36,rare,335.1,26,1,570.8,588.9,363,326,324.5,327.2
trace,exposure,37,frequent,283.0,116,1,233.6,156.1,393,390,320.0,318.6
trace,exposure,38,frequent,261.2,55,1,362.6,157.6,273,403,322.1,310.6
trace,exposure,39,frequent,96.9,7,1,311.2,388.2,323,292,321.6,314.4
trace,exposure,40,frequent,259.8,20,1,215.5,157.1,360,373,316.3,306.6
trace,exposure,41,frequent,251.0,17,1,160.6,223.0,354,383,308.5,302.4
trace,exposure,42,rare,255.3,24,1,575.5,413.1,339,317,321.8,307.9
trace,exposure,43,frequent,260.7,196,1,333.5,151.2,355,411,322.4,300.1
trace,exposure,44,rare,359.1,35,1,561.1,149.6,206,203,334.4,292.6
trace,exposure,45,rare,304.2,28,1,167.7,599.1,396,398,326.0,307.9
trace,exposure,46,frequent,253.5,19,1,166.0,176.0,365,333,318.0,301.3
trace,exposure,47,frequent,260.6,67,1,155.5,141.0,339,326,309.9,293.3
trace,exposure,48,frequent,252.0,22,1,298.4,201.2,404,430,309.3,288.7
trace,exposure,49,rare,428.6,43,1,657.8,182.0,267,358,326.8,283.3
trace,exposure,50,frequent,250.7,20,1,197.5,170.4,366,356,320.3,277.7
trace,exposure,51,frequent,132.9,11,1,217.7,275.5,344,317,315.2,277.6
trace,exposure,52,frequent,293.1,311,1,153.1,208.5,418,334,307.1,274.1
trace,exposure,53,rare,386.7,69,1,614.4,407.9,239,315,322.4,280.8
trace,exposure,54,rare,326.3,25,1,626.3,172.2,425,429,337.6,275.4
trace,exposure,55,frequent,316.3,29,1,257.7,361.3,569,305,333.6,279.7
trace,exposure,56,frequent,31.2,1,1,369.0,300.8,338,297,335.4,280.7
trace,exposure,57,frequent,259.3,32,1,185.4,178.7,386,343,327.9,275.6
trace,exposure,58,frequent,263.1,23,1,149.9,349.2,396,442,319.0,279.3
trace,exposure,59,rare,356.9,30,1,519.1,149.0,217,339,329.0,272.8
trace,exposure,60,rare,349.0,112,1,642.2,580.9,368,365,344.7,288.2
trace,exposure,61,frequent,267.5,26,1,207.9,366.5,475,381,337.8,292.1
trace,exposure,62,frequent,263.5,146,1,194.6,196.6,345,413,330.7,287.3
trace,exposure,63,frequent,158.9,12,1,370.1,190.0,288,326,332.6,282.5
trace,exposure,64,frequent,283.6,156,1,146.9,325.1,423,390,323.3,284.6
trace,exposure,65,rare,391.7,133,1,582.3,657.6,366,331,336.3,303.3
trace,exposure,66,frequent,296.8,36,1,203.9,215.5,429,409,329.7,298.9
trace,exposure,67,frequent,48.0,2,1,239.3,315.3,263,357,325.2,299.7
trace,exposure,68,frequent,77.9,4,1,338.6,322.0,275,277,325.8,300.8
trace,exposure,69,frequent,274.7,22,1,149.2,191.5,358,370,317.0,295.3
trace,exposure,70,frequent,283.8,46,1,140.3,140.4,345,337,308.2,287.6
trace,exposure,71,frequent,160.3,68,1,304.4,147.0,341,303,308.0,280.6
trace,exposure,72,rare,252.5,25,1,598.5,375.8,346,373,322.5,285.3
trace,exposure,73,rare,288.4,49,1,338.8,635.9,301,350,323.3,302.9
trace,exposure,74,frequent,392.4,117,1,258.1,141.4,444,487,320.1,294.8
trace,exposure,75,frequent,252.4,263,1,174.2,148.8,350,330,312.8,287.5
trace,exposure,76,frequent,308.4,27,1,226.7,255.6,508,382,308.5,285.9
trace,exposure,77,frequent,117.2,66,1,152.9,285.0,270,280,300.7,285.8
trace,exposure,78,rare,256.3,19,1,551.3,513.2,357,346,313.2,297.2
trace,exposure,79,frequent,311.3,71,1,247.9,154.3,444,396,309.9,290.1
trace,exposure,80,frequent,261.8,231,1,281.4,148.6,339,404,308.5,283.0
trace,exposure,81,frequent,97.4,19,1,330.1,193.2,341,290,309.6,278.5
trace,exposure,82,frequent,277.3,22,1,210.9,153.1,391,364,304.7,272.2
trace,exposure,83,rare,293.0,25,1,595.0,197.6,340,342,319.2,268.5
trace,exposure,84,frequent,87.0,6,1,296.9,368.7,338,292,318.1,273.5
trace,exposure,85,frequent,290.4,26,1,167.1,169.6,393,352,310.5,268.3
trace,exposure,86,frequent,261.0,18,1,230.3,251.5,402,448,306.5,267.5
trace,exposure,87,rare,349.2,123,1,575.4,412.0,239,318,319.9,274.7
trace,exposure,88,rare,307.4,101,1,208.2,652.2,375,394,314.4,293.6
trace,exposure,89,frequent,296.7,69,1,381.7,191.8,352,487,317.7,288.5
trace,exposure,90,frequent,254.5,39,1,162.0,195.1,355,361,309.9,283.8
trace,exposure,91,frequent,96.2,21,1,354.0,316.6,259,301,312.1,285.4
trace,exposure,92,rare,269.8,21,1,635.4,586.8,421,423,328.3,300.5
trace,exposure,93,frequent,360.4,202,1,159.5,162.9,421,411,319.9,293.6
trace,exposure,94,rare,307.2,33,1,385.0,652.1,376,345,323.1,311.6
trace,exposure,95,frequent,349.8,26,1,144.5,227.9,413,452,314.2,307.4
trace,exposure,96,frequent,167.8,14,1,311.6,151.9,243,305,314.1,299.6
trace,exposure,97,frequent,251.7,17,1,172.2,188.0,352,364,307.0,294.0
trace,exposure,98,rare,250.4,21,1,563.4,472.1,339,361,319.8,302.9
trace,exposure,99,rare,353.8,34,1,318.2,655.2,477,339,319.7,320.5
trace,exposure,100,frequent,265.9,25,1,372.4,189.2,373,455,322.3,314.0
trace,exposure,101,frequent,255.8,20,1,197.5,171.8,364,366,316.1,306.9
trace,exposure,102,frequent,116.6,71,1,312.0,398.8,263,293,315.9,311.5
trace,exposure,103,frequent,257.8,23,1,370.9,177.0,425,429,318.6,304.7
trace,exposure,104,frequent,285.7,23,1,203.3,147.1,357,388,312.9,296.8
trace,exposure,105,frequent,100.0,6,1,381.1,196.2,325,279,316.3,291.8
trace,exposure,106,frequent,263.7,27,1,150.1,216.6,374,356,308.0,288.1
trace,exposure,107,frequent,359.1,43,1,181.8,154.5,411,431,301.7,281.4
trace,exposure,108,rare,368.8,128,1,623.7,302.6,255,297,317.8,282.4
trace,exposure,109,frequent,397.5,37,1,193.2,357.2,577,254,311.5,286.2
trace,exposure,110,frequent,273.3,111,1,141.7,284.2,415,285,303.0,286.1
trace,exposure,111,frequent,264.1,57,1,145.5,201.9,350,369,295.2,281.9
trace,exposure,112,frequent,98.3,10,1,168.2,300.0,266,291,288.8,282.8
trace,exposure,113,frequent,285.6,49,1,264.3,183.7,414,427,287.6,277.8
trace,exposure,114,frequent,251.0,18,1,166.8,233.5,367,385,281.6,275.6
trace,exposure,115,frequent,96.0,7,1,273.3,374.3,311,286,281.1,280.5
trace,exposure,116,frequent,265.1,81,1,142.9,179.2,349,346,274.2,275.5
trace,exposure,117,frequent,306.5,28,1,223.6,382.9,513,282,271.7,280.9
trace,exposure,118,frequent,103.9,8,1,209.8,224.7,237,325,268.6,278.0
trace,exposure,119,frequent,250.8,106,1,147.9,159.5,320,342,262.6,272.1
trace,test,0,rare,272.1,25,1,412.1,615.4,344,352,270.0,289.3
trace,test,1,frequent,328.9,268,1,262.6,155.2,373,465,269.7,282.6
trace,test,2,rare,260.7,21,1,472.9,512.3,340,288,279.8,294.1
trace,test,3,frequent,284.6,59,1,288.6,147.3,405,407,280.3,286.7
trace,test,4,rare,340.8,34,1,639.6,232.3,306,302,298.2,284.0
trace,test,5,rare,277.5,25,1,508.7,577.7,353,348,308.8,298.7
trace,test,6,rare,261.6,37,1,619.4,605.6,422,434,324.3,314.0
trace,test,7,rare,277.1,76,1,536.9,293.1,339,487,334.9,313.0
trace,test,8,rare,272.4,27,1,627.5,421.6,360,370,349.6,318.4
trace,test,9,rare,300.8,25,1,653.0,543.4,393,392,364.7,329.7
trace,test,10,rare,288.1,30,1,524.5,227.3,510,515,372.7,324.6
trace,test,11,rare,309.8,34,1,654.5,256.2,408,444,386.8,321.1
trace,test,12,rare,263.4,18,1,585.4,540.1,402,351,396.7,332.1
trace,test,13,frequent,416.3,33,1,229.9,242.1,510,550,388.4,327.6
trace,test,14,frequent,294.8,27,1,368.4,158.0,440,444,387.4,319.1
trace,test,15,rare,267.2,26,1,457.4,160.5,398,421,390.9,311.2
trace,test,16,rare,346.8,71,1,289.7,598.4,356,258,385.8,325.5
trace,test,17,rare,305.8,24,1,195.7,586.5,441,404,376.3,338.6
trace,test,18,rare,278.6,52,1,163.6,594.2,422,490,365.7,351.4
trace,test,19,rare,270.9,21,1,514.8,141.0,345,352,373.1,340.8
trace,test,20,rare,362.2,44,1,624.9,150.3,381,418,385.7,331.3
trace,test,21,rare,343.5,30,1,598.3,600.8,436,298,396.4,344.8
trace,test,22,frequent,320.2,26,1,236.0,195.4,404,468,388.3,337.3
trace,test,23,rare,320.8,60,1,644.2,211.3,366,371,401.1,331.0
trace,test,24,frequent,385.7,35,1,382.5,165.0,521,525,400.2,322.7
trace,test,25,frequent,326.4,26,1,225.4,210.6,437,459,391.5,317.1
trace,test,26,rare,326.4,25,1,638.3,657.3,406,428,403.8,334.1
trace,test,27,rare,329.4,32,1,421.0,588.5,493,267,404.7,346.8
trace,test,28,rare,303.0,44,1,593.0,145.3,420,394,414.1,336.8
trace,test,29,frequent,295.3,31,1,343.9,201.1,468,469,410.6,330.0
trace,test,30,rare,308.3,32,1,226.7,601.4,296,301,401.4,343.5
trace,test,31,rare,410.8,35,1,363.0,527.8,32,771,399.5,352.8
trace,test,32,frequent,339.7,25,1,163.2,173.4,424,391,387.6,343.8
trace,test,33,rare,325.4,31,1,217.3,591.5,332,287,379.1,356.2
trace,test,34,frequent,253.2,22,1,279.0,210.3,369,447,374.1,348.9
trace,test,35,rare,272.6,25,1,586.9,165.0,384,347,384.8,339.7
trace,test,36,rare,334.0,40,1,288.0,502.9,570,324,379.9,347.9
trace,test,37,frequent,275.3,20,1,268.4,219.0,434,439,374.3,341.4
trace,test,38,rare,250.3,105,1,445.2,632.1,378,391,377.9,355.9
trace,test,39,rare,357.4,170,1,653.8,166.4,404,422,391.7,346.5
trace,test,40,frequent,348.1,33,1,235.0,354.8,566,247,383.9,346.9
trace,test,41,rare,306.6,35,1,646.1,248.6,365,371,397.0,342.0
trace,test,42,frequent,257.2,21,1,291.5,159.2,403,391,391.7,332.8
trace,test,43,rare,362.4,32,1,243.8,544.5,572,391,384.3,343.4
trace,test,44,rare,253.1,115,1,526.5,652.5,376,449,391.4,358.9
trace,test,45,rare,298.6,26,1,240.2,651.0,507,517,383.8,373.5
trace,test,46,rare,586.5,51,1,552.1,315.9,115,707,392.3,370.6
trace,test,47,rare,250.4,21,1,626.5,309.7,411,437,404.0,367.6
trace,test,48,rare,257.9,24,1,442.3,528.9,465,272,405.9,375.6
trace,test,49,rare,303.0,22,1,637.7,223.6,415,429,417.5,368.0
trace,test,50,frequent,288.6,44,1,160.6,356.6,436,443,404.6,367.4
trace,test,51,rare,398.1,40,1,581.4,595.6,252,372,413.5,378.9
trace,test,52,frequent,270.1,26,1,381.5,144.3,397,414,411.9,367.1
trace,test,53,rare,358.0,260,1,624.6,659.3,382,396,422.5,381.7
trace,test,54,rare,315.2,30,1,649.5,507.7,366,370,433.9,388.0
trace,test,55,rare,324.5,36,1,223.4,597.4,541,531,423.3,398.5
trace,test,56,rare,727.4,79,1,612.8,255.9,69,739,432.8,391.4
trace,test,57,rare,259.5,58,1,232.2,584.2,380,371,422.8,401.0
trace,test,58,rare,260.6,18,1,572.1,269.9,381,447,430.2,394.5
trace,test,59,frequent,310.0,33,1,194.0,264.7,460,424,418.4,388.0
trace,test,60,rare,384.5,63,1,620.3,216.8,356,496,428.5,379.4
trace,test,61,rare,288.9,24,1,617.6,196.7,374,352,438.0,370.3
trace,test,62,frequent,251.3,24,1,194.8,373.6,442,419,425.8,370.4
trace,test,63,frequent,364.6,90,1,161.6,359.2,523,407,412.6,369.9
trace,test,64,rare,311.0,29,1,447.1,141.8,366,442,414.3,358.5
trace,test,65,frequent,319.2,106,1,180.5,247.2,465,392,402.6,352.9
trace,test,66,rare,276.0,22,1,282.7,657.3,445,434,396.6,368.1
trace,test,67,rare,304.3,31,1,191.6,622.0,431,434,386.4,380.8
trace,test,68,rare,430.6,39,1,597.2,372.8,322,704,396.9,380.4
trace,test,69,frequent,308.1,27,1,247.8,149.3,415,408,389.5,368.9
trace,test,70,rare,338.5,43,1,576.3,252.9,289,432,398.8,363.1
trace,test,71,frequent,430.6,99,1,177.3,192.2,601,269,387.7,354.5
trace,test,72,rare,306.2,22,1,601.7,232.2,363,424,398.4,348.4
trace,test,73,rare,456.6,44,1,462.3,571.9,598,136,401.6,359.6
trace,test,74,rare,317.7,25,1,583.4,193.2,405,456,410.7,351.3
trace,test,75,rare,339.7,32,1,534.3,655.0,359,364,416.9,366.4
trace,test,76,frequent,356.7,37,1,341.6,206.4,496,528,413.1,358.4
trace,test,77,frequent,293.9,22,1,254.3,209.0,441,436,405.2,351.0
trace,test,78,rare,315.4,26,1,602.9,159.0,416,413,415.1,341.4
trace,test,79,frequent,300.9,50,1,205.7,362.5,493,273,404.6,342.4
trace,exposure,0,rare,256.8,23,1,391.4,656.6,400,400,399.6,412.8
trace,exposure,1,rare,286.2,26,1,657.4,460.5,391,565,412.5,415.2
trace,exposure,2,rare,335.2,98,1,523.6,284.5,337,563,418.0,408.7
trace,exposure,3,frequent,255.4,23,1,156.4,159.4,317,358,404.9,396.2
trace,exposure,4,frequent,265.5,26,1,394.6,155.8,325,412,404.4,384.2
trace,exposure,5,frequent,307.1,28,1,347.4,157.0,482,433,401.6,372.8
trace,exposure,6,frequent,260.5,115,1,174.4,174.4,378,337,390.2,362.9
trace,exposure,7,rare,318.4,26,1,527.8,401.6,250,246,397.1,364.8
trace,exposure,8,frequent,399.8,31,1,149.0,200.9,441,474,384.7,356.7
trace,exposure,9,frequent,251.5,17,1,197.1,180.7,384,349,375.3,347.9
trace,exposure,10,frequent,253.8,20,1,147.0,160.1,344,320,363.9,338.5
trace,exposure,11,rare,260.1,28,1,168.4,427.0,160,167,354.1,342.9
trace,exposure,12,frequent,258.1,22,1,163.1,343.2,338,533,344.6,342.9
trace,exposure,13,rare,318.0,28,1,602.4,454.1,317,314,357.5,348.5
trace,exposure,14,frequent,298.8,23,1,298.4,283.4,458,536,354.5,345.2
trace,exposure,15,frequent,289.6,29,1,154.0,265.6,393,429,344.5,341.2
trace,exposure,16,frequent,343.9,34,1,251.4,179.9,274,523,339.8,333.2
trace,exposure,17,frequent,251.1,170,1,143.2,161.5,352,301,330.0,324.6
trace,exposure,18,frequent,161.9,11,1,394.8,364.7,260,275,333.2,326.6
trace,exposure,19,frequent,294.5,28,1,161.6,173.1,452,222,324.6,318.9
trace,exposure,20,frequent,258.2,111,1,154.8,140.4,352,307,316.2,310.0
trace,exposure,21,frequent,291.5,25,1,169.1,161.3,356,385,308.8,302.6
trace,exposure,22,frequent,253.7,65,1,384.1,391.6,266,167,312.6,307.0
trace,exposure,23,frequent,301.4,21,1,158.3,186.4,385,385,304.9,301.0
trace,exposure,24,rare,253.0,24,1,384.9,587.9,258,369,308.9,315.3
trace,exposure,25,frequent,287.8,25,1,291.5,232.2,397,500,308.0,311.2
trace,exposure,26,frequent,260.8,50,1,212.2,304.0,473,301,303.2,310.8
trace,exposure,27,frequent,253.2,169,1,143.4,153.2,349,301,295.2,302.9
trace,exposure,28,frequent,141.6,12,1,399.5,341.1,264,300,300.4,304.8
trace,exposure,29,rare,430.2,40,1,212.8,625.1,383,230,296.0,320.8
trace,exposure,30,frequent,90.9,7,1,253.0,341.6,341,319,293.9,321.9
trace,exposure,31,frequent,251.4,61,1,377.7,148.0,256,368,298.1,313.2
trace,exposure,32,frequent,113.5,14,1,370.4,155.4,302,246,301.7,305.3
trace,exposure,33,frequent,322.3,43,1,195.5,216.5,517,193,296.4,300.9
trace,exposure,34,rare,330.4,104,1,147.0,636.7,342,370,288.9,317.7
trace,exposure,35,frequent,503.2,87,1,362.5,226.3,131,673,292.6,313.1
trace,exposure,36,frequent,306.9,24,1,146.2,242.8,408,403,285.3,309.6
trace,exposure,37,frequent,261.5,140,1,179.2,145.2,348,345,280.0,301.4
trace,exposure,38,rare,339.7,115,1,628.3,308.5,289,324,297.4,301.7
trace,exposure,39,frequent,263.6,27,1,144.2,157.3,354,317,289.7,294.5
trace,exposure,40,frequent,250.4,21,1,389.4,148.3,273,370,294.7,287.2
trace,exposure,41,frequent,313.8,37,1,279.8,189.8,413,474,294.0,282.3
trace,exposure,42,frequent,268.4,26,1,231.8,385.1,405,180,290.9,287.5
trace,exposure,43,frequent,251.6,20,1,142.3,195.0,350,337,283.4,282.8
trace,exposure,44,frequent,261.1,36,1,161.1,145.3,287,374,277.3,276.0
trace,exposure,45,frequent,261.4,19,1,395.1,368.2,195,200,283.2,280.6
trace,exposure,46,frequent,252.5,23,1,212.7,264.3,459,320,279.7,279.8
trace,exposure,47,frequent,255.4,191,1,145.1,145.2,341,309,273.0,273.0
trace,exposure,48,rare,390.5,35,1,610.3,471.0,255,309,289.8,282.9
trace,exposure,49,frequent,268.3,28,1,188.0,330.9,434,224,284.7,285.3
trace,exposure,50,rare,296.1,27,1,253.1,610.2,357,333,283.2,301.6
trace,exposure,51,frequent,144.0,9,1,175.7,239.6,287,331,277.8,298.5
trace,exposure,52,rare,333.0,31,1,500.8,339.6,184,237,288.9,300.5
trace,exposure,53,frequent,261.7,48,1,278.3,297.6,540,301,288.4,300.4
trace,exposure,54,frequent,289.2,85,1,167.3,140.1,344,369,282.3,292.4
trace,exposure,55,frequent,334.8,27,1,166.8,181.1,373,445,276.6,286.8
trace,exposure,56,rare,274.4,50,1,453.9,658.2,412,387,285.4,305.4
trace,exposure,57,frequent,251.5,33,1,156.1,144.8,344,312,279.0,297.3
trace,exposure,58,frequent,258.5,41,1,184.0,140.5,286,378,274.2,289.5
trace,exposure,59,rare,435.8,61,1,637.8,264.8,202,266,292.4,288.3
trace,exposure,60,frequent,254.8,20,1,240.0,293.0,435,457,289.8,288.5
trace,exposure,61,frequent,267.5,84,1,149.7,163.4,355,335,282.8,282.2
trace,exposure,62,frequent,81.8,43,1,353.3,263.2,299,202,286.3,281.3
trace,exposure,63,frequent,284.0,32,1,253.4,216.7,472,398,284.7,278.1
trace,exposure,64,frequent,72.7,4,1,266.5,280.3,328,319,283.7,278.2
trace,exposure,65,frequent,261.8,40,1,146.1,194.1,347,362,276.9,274.0
trace,exposure,66,frequent,303.6,24,1,206.2,217.1,368,474,273.3,271.1
trace,exposure,67,frequent,259.6,22,1,181.4,276.0,421,376,268.7,271.4
trace,exposure,68,frequent,151.8,10,1,230.5,396.1,340,291,266.8,277.6
trace,exposure,69,rare,262.3,26,1,444.3,581.8,345,339,275.7,292.8
trace,exposure,70,frequent,391.1,49,1,371.3,377.6,132,687,280.5,297.1
trace,exposure,71,frequent,299.8,23,1,158.7,219.4,401,396,274.4,293.2
trace,exposure,72,rare,378.8,114,1,567.4,616.0,354,303,289.0,309.3
trace,exposure,73,rare,253.5,21,1,638.5,255.5,420,384,306.5,306.6
trace,exposure,74,rare,291.9,47,1,171.7,602.3,426,459,299.8,321.4
trace,exposure,75,frequent,317.6,36,1,362.7,200.4,337,517,302.9,315.4
trace,exposure,76,frequent,299.4,47,1,154.1,159.9,357,380,295.5,307.6
trace,exposure,77,frequent,270.8,29,1,301.1,210.2,374,471,295.8,302.7
trace,exposure,78,rare,304.3,60,1,256.9,656.0,403,389,293.8,320.4
trace,exposure,79,frequent,450.1,44,1,203.0,155.7,281,599,289.3,312.1
trace,exposure,80,frequent,252.3,73,1,324.3,169.9,238,407,291.0,305.0
trace,exposure,81,frequent,252.9,30,1,254.6,170.9,355,403,289.2,298.3
trace,exposure,82,frequent,282.9,23,1,273.9,149.8,406,400,288.4,290.9
trace,exposure,83,frequent,260.2,91,1,141.9,213.1,362,352,281.1,287.0
trace,exposure,84,frequent,252.9,19,1,398.2,382.2,214,209,287.0,291.8
trace,exposure,85,frequent,343.5,100,1,211.4,182.6,474,404,283.2,286.3
trace,exposure,86,frequent,274.8,31,1,160.1,144.2,340,352,277.0,279.2
trace,exposure,87,frequent,257.2,19,1,142.5,188.4,351,339,270.3,274.7
trace,exposure,88,frequent,250.2,22,1,166.0,212.1,341,391,265.1,271.5
trace,exposure,89,rare,285.5,37,1,275.4,619.9,374,352,265.6,289.0
trace,exposure,90,frequent,305.5,85,1,163.5,160.2,314,426,260.5,282.5
trace,exposure,91,rare,429.3,53,1,622.5,422.0,225,260,278.6,289.5
trace,exposure,92,rare,305.9,26,1,627.1,484.0,435,246,296.0,299.2
trace,exposure,93,frequent,250.5,17,1,185.9,151.0,367,324,290.5,291.8
trace,exposure,94,frequent,270.3,89,1,142.1,143.4,278,377,283.1,284.4
trace,exposure,95,rare,376.5,39,1,569.0,386.5,207,283,297.4,289.5
trace,exposure,96,frequent,289.1,22,1,215.0,253.3,414,463,293.3,287.7
trace,exposure,97,frequent,276.8,43,1,167.7,153.6,344,367,287.0,281.0
trace,exposure,98,frequent,254.4,51,1,141.4,394.4,372,287,279.7,286.7
trace,exposure,99,frequent,262.5,24,1,163.5,358.1,426,360,273.9,290.2
trace,exposure,100,rare,338.3,42,1,198.6,603.9,341,297,270.1,305.9
trace,exposure,101,rare,322.5,81,1,617.2,485.7,306,401,287.5,314.9
trace,exposure,102,frequent,273.6,42,1,239.8,209.5,374,448,285.1,309.6
trace,exposure,103,frequent,266.5,23,1,296.6,167.8,401,413,285.7,302.5
trace,exposure,104,frequent,277.9,20,1,175.0,159.3,364,363,280.2,295.4
trace,exposure,105,rare,254.6,25,1,609.6,316.7,355,317,296.6,296.4
trace,exposure,106,rare,277.2,25,1,485.3,199.6,420,469,306.1,291.6
trace,exposure,107,frequent,379.5,33,1,141.4,299.8,477,477,297.8,292.0
trace,exposure,108,frequent,280.2,23,1,148.7,162.4,354,353,290.4,285.5
trace,exposure,109,rare,369.8,32,1,514.6,640.9,329,321,301.6,303.3
trace,exposure,110,frequent,317.7,29,1,141.8,204.0,370,425,293.6,298.3
trace,exposure,111,rare,293.4,70,1,629.5,201.9,383,361,310.4,293.5
trace,exposure,112,frequent,255.0,46,1,219.0,150.6,378,350,305.8,286.4
trace,exposure,113,rare,534.6,41,1,633.5,627.9,240,266,322.2,303.4
trace,exposure,114,frequent,300.7,23,1,215.5,142.8,457,322,316.9,295.4
trace,exposure,115,frequent,207.0,15,1,158.6,189.5,333,301,309.0,290.1
trace,exposure,116,frequent,251.0,20,1,162.3,199.7,342,375,301.6,285.6
trace,exposure,117,frequent,64.9,3,1,275.7,145.1,305,203,300.3,278.6
trace,exposure,118,frequent,289.5,40,1,155.9,152.7,257,424,293.1,272.3
trace,exposure,119,frequent,170.4,84,1,378.2,148.4,282,289,297.4,266.1
trace,test,0,rare,286.2,42,1,338.6,616.5,261,341,299.4,283.6
trace,test,1,frequent,285.6,71,1,151.5,244.7,368,431,292.0,281.7
trace,test,2,rare,258.7,35,1,153.1,435.1,366,288,285.1,289.3
trace,test,3,rare,350.0,101,1,641.9,144.9,365,359,302.9,282.1
trace,test,4,frequent,272.8,25,1,368.5,208.1,420,476,306.2,278.4
trace,test,5,rare,395.2,35,1,559.9,588.6,370,242,318.9,293.9
trace,test,6,frequent,299.9,20,1,208.1,171.7,423,381,313.3,287.8
trace,test,7,rare,360.4,45,1,649.8,231.6,297,305,330.2,285.0
trace,test,8,rare,320.4,27,1,547.0,181.1,415,473,341.0,279.8
trace,test,9,frequent,278.8,25,1,223.0,335.1,467,470,335.1,282.6
trace,test,10,rare,299.6,26,1,209.9,606.3,370,353,328.9,298.8
trace,test,11,rare,470.2,55,1,527.6,199.6,233,566,338.8,293.8
trace,test,12,rare,275.9,37,1,568.9,604.3,425,369,350.3,309.3
trace,test,13,rare,340.6,28,1,578.7,224.0,366,490,361.7,305.1
trace,test,14,rare,285.4,24,1,145.2,473.3,397,339,350.9,313.5
trace,test,15,rare,299.7,41,1,572.7,580.6,432,316,362.0,326.8
trace,test,16,frequent,310.3,22,1,192.2,195.7,398,428,353.5,320.3
trace,test,17,rare,378.0,60,1,480.8,145.7,349,500,359.9,311.5
trace,test,18,rare,318.1,27,1,637.0,275.6,375,456,373.7,309.7
trace,test,19,frequent,281.9,27,1,349.3,384.8,630,359,372.5,313.5
trace,test,20,frequent,330.0,33,1,153.5,356.5,473,439,361.5,315.6
trace,test,21,rare,254.1,24,1,294.1,496.0,545,456,358.2,324.7
trace,test,22,rare,289.2,28,1,514.3,216.7,361,462,366.0,319.3
trace,test,23,rare,428.9,47,1,611.4,649.7,598,221,378.2,335.8
trace,test,24,rare,400.4,63,1,171.0,546.9,487,301,367.9,346.3
trace,test,25,rare,345.6,31,1,224.0,644.4,382,337,360.7,361.2
trace,test,26,rare,377.0,30,1,642.4,579.4,357,333,374.8,372.2
trace,test,27,frequent,334.2,40,1,248.2,175.2,400,473,368.4,362.3
trace,test,28,rare,277.9,33,1,558.4,244.0,372,450,377.9,356.4
trace,test,29,rare,326.3,107,1,149.5,581.3,416,393,366.5,367.6
trace,test,30,rare,271.3,21,1,482.1,303.0,332,529,372.3,364.4
trace,test,31,rare,289.5,88,1,419.4,185.8,531,453,374.7,355.5
trace,test,32,rare,258.6,19,1,196.4,588.5,389,416,365.7,367.1
trace,test,33,rare,322.5,42,1,586.2,549.0,385,297,376.8,376.2
trace,test,34,rare,252.6,87,1,212.5,614.4,384,429,368.6,388.1
trace,test,35,rare,339.4,32,1,657.4,444.7,345,312,383.0,391.0
trace,test,36,rare,355.5,39,1,575.8,562.4,250,420,392.6,399.5
trace,test,37,rare,318.4,70,1,540.8,194.4,420,489,400.0,389.3
trace,test,38,rare,278.3,25,1,228.1,528.8,366,287,391.4,396.2
trace,test,39,rare,260.2,18,1,196.8,572.5,388,396,381.7,405.1
trace,test,40,frequent,381.5,35,1,182.6,282.0,456,548,371.8,398.9
trace,test,41,frequent,274.7,29,1,204.4,266.8,479,273,363.4,392.3
trace,test,42,rare,310.8,28,1,640.6,589.9,351,477,377.2,402.2
trace,test,43,rare,295.2,38,1,653.9,576.6,396,433,391.1,410.9
trace,test,44,frequent,325.3,25,1,147.2,360.6,408,555,378.9,408.4
trace,test,45,frequent,261.8,18,1,183.3,260.8,383,430,369.1,401.0
trace,test,46,rare,368.1,58,1,544.9,163.3,343,471,377.9,389.1
trace,test,47,rare,288.4,30,1,370.7,649.7,390,362,377.5,402.2
trace,test,48,frequent,423.9,71,1,148.3,319.4,70,736,366.1,398.0
trace,test,49,frequent,253.4,21,1,267.2,157.5,480,295,361.1,386.0
trace,test,50,rare,347.9,68,1,569.8,615.2,375,327,371.6,397.5
trace,test,51,frequent,257.7,22,1,344.4,276.4,467,503,370.2,391.4
trace,test,52,rare,282.7,25,1,226.9,429.9,118,169,363.0,393.3
trace,test,53,rare,337.1,171,1,502.0,173.7,458,508,370.0,382.3
trace,test,54,rare,395.1,51,1,588.8,620.3,366,294,380.9,394.2
trace,test,55,rare,284.9,24,1,628.9,577.6,384,432,393.3,403.4
trace,test,56,rare,327.1,30,1,634.9,301.0,380,506,405.4,398.3
trace,test,57,rare,278.5,19,1,229.6,561.4,430,368,396.6,406.4
trace,test,58,rare,277.5,24,1,227.3,543.8,360,300,388.2,413.3
trace,test,59,rare,375.7,170,1,619.2,188.6,367,467,399.7,402.1
trace,test,60,frequent,277.5,22,1,182.9,265.1,417,414,388.9,395.2
trace,test,61,rare,254.1,27,1,563.5,426.9,340,306,397.6,396.8
trace,test,62,frequent,377.9,40,1,246.2,140.8,415,479,390.0,384.0
trace,test,63,frequent,286.0,27,1,253.3,263.0,220,547,383.2,378.0
trace,test,64,frequent,260.1,25,1,369.8,167.0,372,427,382.5,367.4
trace,test,65,rare,297.6,28,1,417.8,609.5,272,350,384.3,379.5
trace,test,66,rare,272.8,88,1,659.2,366.8,392,422,398.0,378.9
trace,test,67,rare,274.8,31,1,598.4,318.3,608,593,408.0,375.8
trace,test,68,rare,329.6,49,1,549.0,220.0,255,369,415.1,368.1
trace,test,69,rare,273.7,26,1,646.7,334.1,408,468,426.7,366.4
trace,test,70,frequent,287.9,31,1,362.5,212.9,486,473,423.5,358.7
trace,test,71,rare,273.7,67,1,347.4,637.6,421,374,419.7,372.6
trace,test,72,rare,261.1,30,1,202.7,568.6,463,548,408.8,382.4
trace,test,73,rare,274.9,91,1,651.5,650.1,443,471,420.9,395.8
trace,test,74,frequent,272.7,25,1,176.9,337.3,440,409,408.7,392.9
trace,test,75,rare,376.1,54,1,521.6,204.0,427,568,414.4,383.4
trace,test,76,rare,324.6,30,1,582.3,632.8,453,335,422.8,395.9
trace,test,77,rare,279.5,54,1,180.9,620.9,442,521,410.7,407.2
trace,test,78,frequent,254.3,27,1,336.8,218.6,298,470,407.0,397.7
trace,test,79,rare,268.5,23,1,396.2,607.0,278,366,406.5,408.2
