arm,block,goal_idx,mean_dist_to_quad_center
trace,exposure,0,143.0
trace,exposure,1,172.4
trace,exposure,2,100.6
trace,exposure,3,51.6
trace,exposure,4,91.0
trace,exposure,5,158.8
trace,exposure,6,89.5
trace,exposure,7,124.5
trace,exposure,8,58.5
trace,exposure,9,159.3
trace,exposure,10,136.0
trace,exposure,11,132.6
trace,exposure,12,148.9
trace,exposure,13,83.5
trace,exposure,14,32.4
trace,exposure,15,275.6
trace,exposure,16,256.2
trace,exposure,17,84.5
trace,exposure,18,178.2
trace,exposure,19,93.2
trace,exposure,20,264.7
trace,exposure,21,126.7
trace,exposure,22,105.4
trace,exposure,23,109.8
trace,exposure,24,29.3
trace,exposure,25,115.8
trace,exposure,26,94.0
trace,exposure,27,103.0
trace,exposure,28,332.0
trace,exposure,29,163.9
trace,exposure,30,91.1
trace,exposure,31,151.8
trace,exposure,32,146.5
trace,exposure,33,292.8
trace,exposure,34,34.2
trace,exposure,35,229.6
trace,exposure,36,207.4
trace,exposure,37,82.4
trace,exposure,38,193.1
trace,exposure,39,165.2
trace,exposure,40,90.8
trace,exposure,41,160.0
trace,exposure,42,124.4
trace,exposure,43,129.4
trace,exposure,44,94.8
trace,exposure,45,200.5
trace,exposure,46,84.7
trace,exposure,47,158.0
trace,exposure,48,88.8
trace,exposure,49,130.8
trace,exposure,50,122.2
trace,exposure,51,299.5
trace,exposure,52,156.7
trace,exposure,53,146.5
trace,exposure,54,140.0
trace,exposure,55,290.0
trace,exposure,56,391.0
trace,exposure,57,159.3
trace,exposure,58,109.3
trace,exposure,59,113.8
trace,exposure,60,129.5
trace,exposure,61,135.7
trace,exposure,62,99.9
trace,exposure,63,98.3
trace,exposure,64,150.9
trace,exposure,65,147.4
trace,exposure,66,95.9
trace,exposure,67,138.6
trace,exposure,68,40.0
trace,exposure,69,119.7
trace,exposure,70,90.7
trace,exposure,71,71.1
trace,exposure,72,123.4
trace,exposure,73,131.1
trace,exposure,74,117.8
trace,exposure,75,90.1
trace,exposure,76,136.6
trace,exposure,77,47.1
trace,exposure,78,165.1
trace,exposure,79,181.8
trace,exposure,80,62.4
trace,exposure,81,315.6
trace,exposure,82,124.2
trace,exposure,83,137.1
trace,exposure,84,124.2
trace,exposure,85,222.4
trace,exposure,86,191.8
trace,exposure,87,267.4
trace,exposure,88,195.6
trace,exposure,89,89.9
trace,exposure,90,222.3
trace,exposure,91,93.8
trace,exposure,92,124.0
trace,exposure,93,183.5
trace,exposure,94,153.1
trace,exposure,95,166.3
trace,exposure,96,230.8
trace,exposure,97,234.4
trace,exposure,98,171.4
trace,exposure,99,176.8
trace,exposure,100,113.8
trace,exposure,101,171.5
trace,exposure,102,84.1
trace,exposure,103,158.8
trace,exposure,104,88.0
trace,exposure,105,162.2
trace,exposure,106,197.2
trace,exposure,107,118.1
trace,exposure,108,147.1
trace,exposure,109,129.2
trace,exposure,110,160.8
trace,exposure,111,105.4
trace,exposure,112,227.9
trace,exposure,113,85.0
trace,exposure,114,187.4
trace,exposure,115,137.9
trace,exposure,116,112.6
trace,exposure,117,167.8
trace,exposure,118,132.8
trace,exposure,119,81.5
trace,test,0,223.7
trace,test,1,207.9
trace,test,2,235.1
trace,test,3,185.0
trace,test,4,72.3
trace,test,5,157.1
trace,test,6,196.2
trace,test,7,84.9
trace,test,8,301.6
trace,test,9,200.9
trace,test,10,188.8
trace,test,11,161.9
trace,test,12,169.6
trace,test,13,298.2
trace,test,14,249.4
trace,test,15,182.7
trace,test,16,201.6
trace,test,17,186.4
trace,test,18,343.8
trace,test,19,171.8
trace,test,20,233.4
trace,test,21,268.1
trace,test,22,189.9
trace,test,23,128.6
trace,test,24,36.9
trace,test,25,497.9
trace,test,26,223.6
trace,test,27,137.4
trace,test,28,277.4
trace,test,29,259.3
trace,test,30,253.6
trace,test,31,222.8
trace,test,32,204.4
trace,test,33,197.2
trace,test,34,153.3
trace,test,35,220.2
trace,test,36,481.0
trace,test,37,278.1
trace,test,38,205.6
trace,test,39,234.4
trace,test,40,198.7
trace,test,41,163.9
trace,test,42,215.4
trace,test,43,203.7
trace,test,44,175.8
trace,test,45,198.0
trace,test,46,53.6
trace,test,47,280.3
trace,test,48,215.6
trace,test,49,357.8
trace,test,50,222.1
trace,test,51,191.6
trace,test,52,239.0
trace,test,53,209.8
trace,test,54,147.9
trace,test,55,239.7
trace,test,56,222.0
trace,test,57,210.9
trace,test,58,237.3
trace,test,59,292.0
trace,test,60,233.2
trace,test,61,178.4
trace,test,62,266.7
trace,test,63,172.9
trace,test,64,212.5
trace,test,65,290.7
trace,test,66,104.9
trace,test,67,238.2
trace,test,68,277.0
trace,test,69,253.6
trace,test,70,217.8
trace,test,71,197.2
trace,test,72,187.0
trace,test,73,147.2
trace,test,74,206.5
trace,test,75,137.3
trace,test,76,185.8
trace,test,77,106.4
trace,test,78,204.8
trace,test,79,121.0
trace,exposure,0,156.0
trace,exposure,1,157.6
trace,exposure,2,113.7
trace,exposure,3,160.4
trace,exposure,4,222.8
trace,exposure,5,214.6
trace,exposure,6,304.4
trace,exposure,7,109.4
trace,exposure,8,145.6
trace,exposure,9,186.7
trace,exposure,10,203.8
trace,exposure,11,138.2
trace,exposure,12,152.9
trace,exposure,13,128.5
trace,exposure,14,113.5
trace,exposure,15,134.3
trace,exposure,16,62.8
trace,exposure,17,225.5
trace,exposure,18,140.0
trace,exposure,19,204.3
trace,exposure,20,221.7
trace,exposure,21,173.5
trace,exposure,22,284.3
trace,exposure,23,116.6
trace,exposure,24,118.6
trace,exposure,25,100.5
trace,exposure,26,125.1
trace,exposure,27,86.4
trace,exposure,28,82.5
trace,exposure,29,106.1
trace,exposure,30,269.2
trace,exposure,31,101.3
trace,exposure,32,85.8
trace,exposure,33,112.2
trace,exposure,34,56.9
trace,exposure,35,129.1
trace,exposure,36,100.2
trace,exposure,37,378.3
trace,exposure,38,99.2
trace,exposure,39,84.7
trace,exposure,40,87.5
trace,exposure,41,87.5
trace,exposure,42,165.0
trace,exposure,43,106.2
trace,exposure,44,66.1
trace,exposure,45,181.2
trace,exposure,46,39.0
trace,exposure,47,309.4
trace,exposure,48,150.3
trace,exposure,49,111.5
trace,exposure,50,178.9
trace,exposure,51,65.5
trace,exposure,52,312.8
trace,exposure,53,85.6
trace,exposure,54,174.8
trace,exposure,55,64.5
trace,exposure,56,191.5
trace,exposure,57,148.5
trace,exposure,58,196.5
trace,exposure,59,58.6
trace,exposure,60,82.3
trace,exposure,61,101.1
trace,exposure,62,106.6
trace,exposure,63,63.2
trace,exposure,64,269.9
trace,exposure,65,187.9
trace,exposure,66,71.6
trace,exposure,67,243.7
trace,exposure,68,89.3
trace,exposure,69,114.3
trace,exposure,70,209.6
trace,exposure,71,259.3
trace,exposure,72,201.0
trace,exposure,73,154.9
trace,exposure,74,149.0
trace,exposure,75,195.2
trace,exposure,76,148.9
trace,exposure,77,100.9
trace,exposure,78,149.0
trace,exposure,79,63.7
trace,exposure,80,81.0
trace,exposure,81,106.0
trace,exposure,82,96.2
trace,exposure,83,62.9
trace,exposure,84,60.8
trace,exposure,85,157.0
trace,exposure,86,63.7
trace,exposure,87,69.7
trace,exposure,88,96.2
trace,exposure,89,43.0
trace,exposure,90,193.1
trace,exposure,91,43.4
trace,exposure,92,51.9
trace,exposure,93,270.8
trace,exposure,94,146.9
trace,exposure,95,50.1
trace,exposure,96,105.3
trace,exposure,97,96.8
trace,exposure,98,99.8
trace,exposure,99,56.3
trace,exposure,100,193.5
trace,exposure,101,33.7
trace,exposure,102,48.7
trace,exposure,103,198.7
trace,exposure,104,67.7
trace,exposure,105,202.7
trace,exposure,106,66.8
trace,exposure,107,97.4
trace,exposure,108,58.5
trace,exposure,109,205.1
trace,exposure,110,53.4
trace,exposure,111,42.7
trace,exposure,112,91.7
trace,exposure,113,106.1
trace,exposure,114,51.3
trace,exposure,115,65.7
trace,exposure,116,56.5
trace,exposure,117,98.1
trace,exposure,118,170.8
trace,exposure,119,56.4
trace,test,0,370.3
trace,test,1,95.7
trace,test,2,102.9
trace,test,3,169.2
trace,test,4,226.3
trace,test,5,60.4
trace,test,6,138.1
trace,test,7,170.7
trace,test,8,356.9
trace,test,9,222.0
trace,test,10,190.2
trace,test,11,331.9
trace,test,12,432.6
trace,test,13,122.4
trace,test,14,164.5
trace,test,15,299.7
trace,test,16,207.9
trace,test,17,189.3
trace,test,18,338.1
trace,test,19,175.4
trace,test,20,234.1
trace,test,21,298.6
trace,test,22,175.7
trace,test,23,225.2
trace,test,24,210.2
trace,test,25,140.2
trace,test,26,68.8
trace,test,27,174.6
trace,test,28,234.2
trace,test,29,199.5
trace,test,30,336.1
trace,test,31,288.4
trace,test,32,228.3
trace,test,33,71.4
trace,test,34,201.1
trace,test,35,180.2
trace,test,36,283.8
trace,test,37,202.4
trace,test,38,146.0
trace,test,39,242.6
trace,test,40,222.1
trace,test,41,319.2
trace,test,42,171.9
trace,test,43,224.3
trace,test,44,427.6
trace,test,45,176.2
trace,test,46,231.6
trace,test,47,82.7
trace,test,48,220.1
trace,test,49,216.9
trace,test,50,275.2
trace,test,51,211.7
trace,test,52,280.1
trace,test,53,189.2
trace,test,54,156.5
trace,test,55,142.9
trace,test,56,216.2
trace,test,57,236.7
trace,test,58,208.4
trace,test,59,139.0
trace,test,60,301.5
trace,test,61,220.4
trace,test,62,104.0
trace,test,63,261.6
trace,test,64,147.0
trace,test,65,330.5
trace,test,66,195.1
trace,test,67,73.6
trace,test,68,193.0
trace,test,69,152.3
trace,test,70,134.2
trace,test,71,287.7
trace,test,72,226.9
trace,test,73,88.9
trace,test,74,171.5
trace,test,75,265.0
trace,test,76,64.9
trace,test,77,175.1
trace,test,78,200.9
trace,test,79,336.3
trace,exposure,0,288.4
trace,exposure,1,137.5
trace,exposure,2,288.6
trace,exposure,3,179.3
trace,exposure,4,137.7
trace,exposure,5,387.9
trace,exposure,6,193.6
trace,exposure,7,73.7
trace,exposure,8,118.3
trace,exposure,9,130.8
trace,exposure,10,96.6
trace,exposure,11,189.6
trace,exposure,12,124.6
trace,exposure,13,164.7
trace,exposure,14,68.9
trace,exposure,15,92.3
trace,exposure,16,54.9
trace,exposure,17,95.1
trace,exposure,18,214.8
trace,exposure,19,232.8
trace,exposure,20,83.5
trace,exposure,21,141.2
trace,exposure,22,94.5
trace,exposure,23,120.5
trace,exposure,24,138.7
trace,exposure,25,84.6
trace,exposure,26,165.0
trace,exposure,27,116.2
trace,exposure,28,140.7
trace,exposure,29,134.5
trace,exposure,30,68.8
trace,exposure,31,94.2
trace,exposure,32,144.1
trace,exposure,33,134.9
trace,exposure,34,108.5
trace,exposure,35,84.7
trace,exposure,36,183.9
trace,exposure,37,85.4
trace,exposure,38,123.3
trace,exposure,39,97.3
trace,exposure,40,64.5
trace,exposure,41,104.9
trace,exposure,42,198.3
trace,exposure,43,80.5
trace,exposure,44,82.5
trace,exposure,45,121.4
trace,exposure,46,193.0
trace,exposure,47,139.5
trace,exposure,48,104.2
trace,exposure,49,129.1
trace,exposure,50,133.1
trace,exposure,51,86.4
trace,exposure,52,70.2
trace,exposure,53,244.5
trace,exposure,54,127.4
trace,exposure,55,258.5
trace,exposure,56,186.1
trace,exposure,57,92.0
trace,exposure,58,139.8
trace,exposure,59,93.9
trace,exposure,60,102.0
trace,exposure,61,127.0
trace,exposure,62,64.7
trace,exposure,63,65.2
trace,exposure,64,224.6
trace,exposure,65,74.2
trace,exposure,66,68.3
trace,exposure,67,182.5
trace,exposure,68,99.5
trace,exposure,69,234.3
trace,exposure,70,139.6
trace,exposure,71,83.2
trace,exposure,72,108.4
trace,exposure,73,67.2
trace,exposure,74,204.2
trace,exposure,75,83.0
trace,exposure,76,177.8
trace,exposure,77,134.6
trace,exposure,78,75.5
trace,exposure,79,78.9
trace,exposure,80,75.1
trace,exposure,81,343.4
trace,exposure,82,231.5
trace,exposure,83,71.0
trace,exposure,84,116.3
trace,exposure,85,159.1
trace,exposure,86,201.4
trace,exposure,87,94.0
trace,exposure,88,77.7
trace,exposure,89,62.8
trace,exposure,90,48.0
trace,exposure,91,120.1
trace,exposure,92,53.5
trace,exposure,93,93.3
trace,exposure,94,195.5
trace,exposure,95,56.9
trace,exposure,96,131.7
trace,exposure,97,77.3
trace,exposure,98,48.3
trace,exposure,99,66.0
trace,exposure,100,50.9
trace,exposure,101,242.6
trace,exposure,102,34.6
trace,exposure,103,71.0
trace,exposure,104,45.7
trace,exposure,105,78.6
trace,exposure,106,47.9
trace,exposure,107,75.8
trace,exposure,108,94.1
trace,exposure,109,43.1
trace,exposure,110,81.8
trace,exposure,111,46.3
trace,exposure,112,225.0
trace,exposure,113,41.9
trace,exposure,114,137.3
trace,exposure,115,204.2
trace,exposure,116,51.9
trace,exposure,117,98.9
trace,exposure,118,85.4
trace,exposure,119,48.9
trace,test,0,247.7
trace,test,1,80.2
trace,test,2,426.1
trace,test,3,37.7
trace,test,4,295.8
trace,test,5,241.9
trace,test,6,248.1
trace,test,7,154.3
trace,test,8,120.2
trace,test,9,162.0
trace,test,10,173.0
trace,test,11,230.4
trace,test,12,321.5
trace,test,13,101.1
trace,test,14,157.1
trace,test,15,79.6
trace,test,16,147.4
trace,test,17,326.3
trace,test,18,117.3
trace,test,19,158.3
trace,test,20,292.3
trace,test,21,260.4
trace,test,22,91.7
trace,test,23,287.9
trace,test,24,185.4
trace,test,25,282.4
trace,test,26,179.8
trace,test,27,261.6
trace,test,28,185.1
trace,test,29,221.0
trace,test,30,188.4
trace,test,31,237.1
trace,test,32,265.7
trace,test,33,193.5
trace,test,34,275.4
trace,test,35,187.8
trace,test,36,417.0
trace,test,37,177.0
trace,test,38,275.2
trace,test,39,163.7
trace,test,40,224.0
trace,test,41,47.5
trace,test,42,299.7
trace,test,43,223.0
trace,test,44,285.3
trace,test,45,240.1
trace,test,46,133.3
trace,test,47,187.6
trace,test,48,410.2
trace,test,49,116.8
trace,test,50,144.4
trace,test,51,440.0
trace,test,52,115.6
trace,test,53,126.2
trace,test,54,146.6
trace,test,55,193.2
trace,test,56,165.2
trace,test,57,263.1
trace,test,58,236.8
trace,test,59,276.1
trace,test,60,163.3
trace,test,61,124.0
trace,test,62,234.5
trace,test,63,98.3
trace,test,64,266.0
trace,test,65,211.2
trace,test,66,227.4
trace,test,67,132.5
trace,test,68,331.2
trace,test,69,316.1
trace,test,70,220.4
trace,test,71,67.5
trace,test,72,236.8
trace,test,73,95.2
trace,test,74,223.3
trace,test,75,308.1
trace,test,76,218.2
trace,test,77,187.4
trace,test,78,324.2
trace,test,79,191.8
control,exposure,0,77.6
control,exposure,1,165.7
control,exposure,2,98.4
control,exposure,3,76.6
control,exposure,4,60.7
control,exposure,5,141.3
control,exposure,6,248.9
control,exposure,7,160.5
control,exposure,8,55.9
control,exposure,9,67.1
control,exposure,10,145.7
control,exposure,11,222.2
control,exposure,12,170.3
control,exposure,13,107.5
control,exposure,14,357.9
control,exposure,15,134.4
control,exposure,16,134.2
control,exposure,17,302.0
control,exposure,18,216.3
control,exposure,19,57.8
control,exposure,20,79.4
control,exposure,21,157.0
control,exposure,22,172.2
control,exposure,23,190.7
control,exposure,24,110.3
control,exposure,25,126.4
control,exposure,26,84.4
control,exposure,27,335.5
control,exposure,28,106.2
control,exposure,29,73.6
control,exposure,30,105.9
control,exposure,31,109.5
control,exposure,32,128.5
control,exposure,33,203.6
control,exposure,34,170.8
control,exposure,35,113.1
control,exposure,36,91.7
control,exposure,37,87.7
control,exposure,38,190.4
control,exposure,39,96.3
control,exposure,40,118.0
control,exposure,41,75.1
control,exposure,42,224.0
control,exposure,43,188.0
control,exposure,44,96.9
control,exposure,45,165.5
control,exposure,46,345.9
control,exposure,47,202.1
control,exposure,48,143.1
control,exposure,49,91.4
control,exposure,50,88.9
control,exposure,51,222.0
control,exposure,52,508.3
control,exposure,53,91.8
control,exposure,54,223.0
control,exposure,55,281.7
control,exposure,56,183.6
control,exposure,57,124.8
control,exposure,58,321.0
control,exposure,59,238.9
control,exposure,60,119.0
control,exposure,61,114.2
control,exposure,62,465.1
control,exposure,63,208.4
control,exposure,64,327.3
control,exposure,65,201.5
control,exposure,66,135.7
control,exposure,67,150.1
control,exposure,68,48.9
control,exposure,69,188.6
control,exposure,70,101.8
control,exposure,71,401.0
control,exposure,72,169.5
control,exposure,73,333.1
control,exposure,74,119.5
control,exposure,75,208.9
control,exposure,76,172.7
control,exposure,77,88.8
control,exposure,78,51.4
control,exposure,79,112.6
control,exposure,80,131.5
control,exposure,81,185.3
control,exposure,82,353.4
control,exposure,83,160.3
control,exposure,84,103.3
control,exposure,85,126.2
control,exposure,86,204.2
control,exposure,87,340.3
control,exposure,88,193.3
control,exposure,89,189.2
control,exposure,90,158.7
control,exposure,91,189.0
control,exposure,92,101.8
control,exposure,93,286.5
control,exposure,94,105.4
control,exposure,95,160.6
control,exposure,96,99.1
control,exposure,97,196.0
control,exposure,98,199.4
control,exposure,99,185.4
control,exposure,100,132.5
control,exposure,101,110.2
control,exposure,102,142.9
control,exposure,103,220.2
control,exposure,104,109.9
control,exposure,105,82.7
control,exposure,106,85.5
control,exposure,107,105.8
control,exposure,108,140.8
control,exposure,109,160.4
control,exposure,110,187.4
control,exposure,111,190.0
control,exposure,112,184.5
control,exposure,113,140.9
control,exposure,114,215.1
control,exposure,115,201.8
control,exposure,116,67.8
control,exposure,117,128.4
control,exposure,118,98.6
control,exposure,119,206.6
control,test,0,266.1
control,test,1,285.1
control,test,2,154.0
control,test,3,444.7
control,test,4,140.0
control,test,5,274.9
control,test,6,94.0
control,test,7,352.8
control,test,8,200.0
control,test,9,200.2
control,test,10,233.1
control,test,11,140.3
control,test,12,206.1
control,test,13,162.1
control,test,14,202.1
control,test,15,233.7
control,test,16,207.1
control,test,17,102.2
control,test,18,197.6
control,test,19,262.5
control,test,20,269.4
control,test,21,306.1
control,test,22,225.2
control,test,23,148.9
control,test,24,224.8
control,test,25,400.4
control,test,26,199.7
control,test,27,276.5
control,test,28,100.1
control,test,29,74.1
control,test,30,234.7
control,test,31,303.0
control,test,32,320.1
control,test,33,235.3
control,test,34,136.4
control,test,35,353.1
control,test,36,205.8
control,test,37,297.5
control,test,38,106.4
control,test,39,217.1
control,test,40,306.9
control,test,41,344.9
control,test,42,353.4
control,test,43,258.1
control,test,44,298.5
control,test,45,196.9
control,test,46,83.8
control,test,47,262.1
control,test,48,199.9
control,test,49,204.5
control,test,50,231.1
control,test,51,320.8
control,test,52,174.0
control,test,53,266.2
control,test,54,312.7
control,test,55,143.9
control,test,56,319.4
control,test,57,206.6
control,test,58,56.1
control,test,59,207.1
control,test,60,458.3
control,test,61,247.9
control,test,62,105.3
control,test,63,241.7
control,test,64,221.0
control,test,65,254.1
control,test,66,227.1
control,test,67,180.1
control,test,68,281.8
control,test,69,272.4
control,test,70,205.7
control,test,71,83.7
control,test,72,369.1
control,test,73,166.1
control,test,74,318.5
control,test,75,304.6
control,test,76,220.1
control,test,77,139.3
control,test,78,203.3
control,test,79,227.9
control,exposure,0,141.6
control,exposure,1,57.2
control,exposure,2,188.0
control,exposure,3,110.2
control,exposure,4,187.4
control,exposure,5,277.8
control,exposure,6,307.9
control,exposure,7,144.4
control,exposure,8,102.9
control,exposure,9,61.4
control,exposure,10,252.7
control,exposure,11,136.3
control,exposure,12,198.0
control,exposure,13,90.3
control,exposure,14,108.9
control,exposure,15,44.1
control,exposure,16,138.4
control,exposure,17,309.4
control,exposure,18,120.3
control,exposure,19,219.4
control,exposure,20,116.2
control,exposure,21,327.3
control,exposure,22,86.8
control,exposure,23,437.0
control,exposure,24,104.6
control,exposure,25,257.9
control,exposure,26,60.7
control,exposure,27,123.8
control,exposure,28,64.4
control,exposure,29,379.0
control,exposure,30,109.5
control,exposure,31,232.8
control,exposure,32,90.7
control,exposure,33,79.1
control,exposure,34,96.5
control,exposure,35,42.2
control,exposure,36,116.4
control,exposure,37,68.6
control,exposure,38,83.4
control,exposure,39,121.4
control,exposure,40,198.2
control,exposure,41,328.3
control,exposure,42,189.4
control,exposure,43,102.3
control,exposure,44,95.3
control,exposure,45,188.2
control,exposure,46,154.0
control,exposure,47,104.0
control,exposure,48,71.0
control,exposure,49,290.9
control,exposure,50,178.1
control,exposure,51,198.1
control,exposure,52,365.9
control,exposure,53,134.0
control,exposure,54,90.2
control,exposure,55,294.1
control,exposure,56,295.9
control,exposure,57,266.1
control,exposure,58,73.7
control,exposure,59,95.8
control,exposure,60,94.3
control,exposure,61,109.2
control,exposure,62,206.6
control,exposure,63,124.2
control,exposure,64,81.4
control,exposure,65,59.2
control,exposure,66,131.2
control,exposure,67,206.2
control,exposure,68,115.6
control,exposure,69,149.1
control,exposure,70,74.9
control,exposure,71,165.2
control,exposure,72,71.6
control,exposure,73,336.9
control,exposure,74,230.0
control,exposure,75,57.8
control,exposure,76,245.5
control,exposure,77,323.3
control,exposure,78,90.9
control,exposure,79,101.8
control,exposure,80,96.7
control,exposure,81,191.2
control,exposure,82,199.8
control,exposure,83,68.1
control,exposure,84,127.5
control,exposure,85,102.5
control,exposure,86,55.5
control,exposure,87,243.8
control,exposure,88,318.5
control,exposure,89,95.6
control,exposure,90,234.8
control,exposure,91,111.2
control,exposure,92,121.8
control,exposure,93,125.7
control,exposure,94,76.6
control,exposure,95,76.9
control,exposure,96,152.1
control,exposure,97,57.1
control,exposure,98,257.4
control,exposure,99,187.0
control,exposure,100,115.5
control,exposure,101,101.0
control,exposure,102,75.7
control,exposure,103,92.9
control,exposure,104,73.0
control,exposure,105,205.4
control,exposure,106,136.2
control,exposure,107,56.6
control,exposure,108,100.3
control,exposure,109,144.1
control,exposure,110,284.4
control,exposure,111,100.7
control,exposure,112,266.5
control,exposure,113,87.6
control,exposure,114,134.5
control,exposure,115,232.1
control,exposure,116,59.8
control,exposure,117,176.7
control,exposure,118,331.3
control,exposure,119,72.7
control,test,0,328.4
control,test,1,52.8
control,test,2,264.8
control,test,3,360.4
control,test,4,243.2
control,test,5,478.7
control,test,6,312.0
control,test,7,313.3
control,test,8,234.6
control,test,9,107.0
control,test,10,288.9
control,test,11,301.4
control,test,12,225.6
control,test,13,320.8
control,test,14,111.8
control,test,15,112.9
control,test,16,338.8
control,test,17,218.2
control,test,18,172.0
control,test,19,54.1
control,test,20,250.0
control,test,21,158.2
control,test,22,102.7
control,test,23,133.5
control,test,24,210.6
control,test,25,325.8
control,test,26,234.1
control,test,27,347.3
control,test,28,338.1
control,test,29,315.4
control,test,30,182.3
control,test,31,225.5
control,test,32,118.2
control,test,33,244.5
control,test,34,219.4
control,test,35,253.6
control,test,36,198.7
control,test,37,303.7
control,test,38,115.9
control,test,39,363.5
control,test,40,196.3
control,test,41,254.5
control,test,42,309.3
control,test,43,275.6
control,test,44,318.5
control,test,45,143.0
control,test,46,269.1
control,test,47,98.1
control,test,48,258.4
control,test,49,120.2
control,test,50,337.6
control,test,51,185.1
control,test,52,190.8
control,test,53,270.5
control,test,54,207.3
control,test,55,90.7
control,test,56,205.3
control,test,57,208.0
control,test,58,165.5
control,test,59,73.9
control,test,60,277.0
control,test,61,314.6
control,test,62,209.6
control,test,63,211.6
control,test,64,53.4
control,test,65,303.9
control,test,66,103.3
control,test,67,70.6
control,test,68,362.8
control,test,69,184.7
control,test,70,205.4
control,test,71,309.2
control,test,72,319.6
control,test,73,309.9
control,test,74,109.9
control,test,75,261.8
control,test,76,291.0
control,test,77,226.5
control,test,78,126.1
control,test,79,301.8
control,exposure,0,329.5
control,exposure,1,76.1
control,exposure,2,331.3
control,exposure,3,149.9
control,exposure,4,224.5
control,exposure,5,79.5
control,exposure,6,137.8
control,exposure,7,158.3
control,exposure,8,57.8
control,exposure,9,231.9
control,exposure,10,141.2
control,exposure,11,83.5
control,exposure,12,87.6
control,exposure,13,77.1
control,exposure,14,109.3
control,exposure,15,162.4
control,exposure,16,55.3
control,exposure,17,415.0
control,exposure,18,91.1
control,exposure,19,303.0
control,exposure,20,87.7
control,exposure,21,79.4
control,exposure,22,111.7
control,exposure,23,278.2
control,exposure,24,54.8
control,exposure,25,80.5
control,exposure,26,171.7
control,exposure,27,180.0
control,exposure,28,251.0
control,exposure,29,97.4
control,exposure,30,193.9
control,exposure,31,82.8
control,exposure,32,83.2
control,exposure,33,358.9
control,exposure,34,128.3
control,exposure,35,91.1
control,exposure,36,85.8
control,exposure,37,280.3
control,exposure,38,200.3
control,exposure,39,76.4
control,exposure,40,78.0
control,exposure,41,261.4
control,exposure,42,47.6
control,exposure,43,295.7
control,exposure,44,291.8
control,exposure,45,83.9
control,exposure,46,163.0
control,exposure,47,98.8
control,exposure,48,108.5
control,exposure,49,174.3
control,exposure,50,186.0
control,exposure,51,236.4
control,exposure,52,56.4
control,exposure,53,90.4
control,exposure,54,88.9
control,exposure,55,154.4
control,exposure,56,91.5
control,exposure,57,300.5
control,exposure,58,103.7
control,exposure,59,62.2
control,exposure,60,154.3
control,exposure,61,77.7
control,exposure,62,146.5
control,exposure,63,179.5
control,exposure,64,97.4
control,exposure,65,354.0
control,exposure,66,99.1
control,exposure,67,227.4
control,exposure,68,90.8
control,exposure,69,60.8
control,exposure,70,248.0
control,exposure,71,125.7
control,exposure,72,84.4
control,exposure,73,273.9
control,exposure,74,181.4
control,exposure,75,93.2
control,exposure,76,99.8
control,exposure,77,311.0
control,exposure,78,193.5
control,exposure,79,71.7
control,exposure,80,117.8
control,exposure,81,102.9
control,exposure,82,269.4
control,exposure,83,107.6
control,exposure,84,111.1
control,exposure,85,229.0
control,exposure,86,409.2
control,exposure,87,90.8
control,exposure,88,330.7
control,exposure,89,240.6
control,exposure,90,102.2
control,exposure,91,120.8
control,exposure,92,133.7
control,exposure,93,108.8
control,exposure,94,90.8
control,exposure,95,211.0
control,exposure,96,155.0
control,exposure,97,310.3
control,exposure,98,165.5
control,exposure,99,90.1
control,exposure,100,89.2
control,exposure,101,280.5
control,exposure,102,135.3
control,exposure,103,96.5
control,exposure,104,110.4
control,exposure,105,108.1
control,exposure,106,92.9
control,exposure,107,318.9
control,exposure,108,163.5
control,exposure,109,392.4
control,exposure,110,103.6
control,exposure,111,53.7
control,exposure,112,142.4
control,exposure,113,70.7
control,exposure,114,121.0
control,exposure,115,70.2
control,exposure,116,220.9
control,exposure,117,59.5
control,exposure,118,232.0
control,exposure,119,96.6
control,test,0,135.9
control,test,1,219.6
control,test,2,257.4
control,test,3,237.3
control,test,4,229.3
control,test,5,271.5
control,test,6,97.8
control,test,7,226.4
control,test,8,333.0
control,test,9,257.5
control,test,10,359.2
control,test,11,220.1
control,test,12,314.8
control,test,13,266.5
control,test,14,100.9
control,test,15,303.2
control,test,16,72.4
control,test,17,347.1
control,test,18,201.1
control,test,19,458.2
control,test,20,143.1
control,test,21,338.5
control,test,22,115.0
control,test,23,249.9
control,test,24,328.0
control,test,25,252.7
control,test,26,281.7
control,test,27,204.7
control,test,28,58.4
control,test,29,204.6
control,test,30,169.0
control,test,31,208.2
control,test,32,362.6
control,test,33,74.7
control,test,34,131.2
control,test,35,287.7
control,test,36,277.0
control,test,37,65.5
control,test,38,281.8
control,test,39,164.9
control,test,40,222.5
control,test,41,412.0
control,test,42,144.7
control,test,43,339.0
control,test,44,66.1
control,test,45,256.3
control,test,46,317.1
control,test,47,91.5
control,test,48,207.2
control,test,49,143.3
control,test,50,204.5
control,test,51,210.7
control,test,52,213.7
control,test,53,283.4
control,test,54,256.7
control,test,55,194.1
control,test,56,212.6
control,test,57,150.1
control,test,58,295.6
control,test,59,270.5
control,test,60,270.6
control,test,61,86.3
control,test,62,250.2
control,test,63,397.3
control,test,64,155.1
control,test,65,290.2
control,test,66,197.9
control,test,67,313.7
control,test,68,335.8
control,test,69,219.3
control,test,70,291.4
control,test,71,171.0
control,test,72,357.7
control,test,73,193.4
control,test,74,231.6
control,test,75,435.9
control,test,76,230.0
control,test,77,181.7
control,test,78,292.0
control,test,79,232.6
