arm,block,goal_idx,region,spawn_dist,steps,reached
trace,exposure,0,frequent,275.3,77,1
trace,exposure,1,frequent,319.6,87,1
trace,exposure,2,frequent,267.2,21,1
trace,exposure,3,frequent,273.6,30,1
trace,exposure,4,frequent,103.9,9,1
trace,exposure,5,frequent,284.2,28,1
trace,exposure,6,frequent,250.0,20,1
trace,exposure,7,rare,307.2,33,1
trace,exposure,8,frequent,300.5,27,1
trace,exposure,9,frequent,126.0,8,1
trace,exposure,10,frequent,257.5,22,1
trace,exposure,11,rare,502.9,88,1
trace,exposure,12,frequent,314.4,29,1
trace,exposure,13,frequent,493.8,47,1
trace,exposure,14,rare,284.9,23,1
trace,exposure,15,rare,418.1,37,1
trace,exposure,16,frequent,343.0,92,1
trace,exposure,17,frequent,285.9,149,1
trace,exposure,18,frequent,270.0,32,1
trace,exposure,19,frequent,89.6,7,1
trace,exposure,20,frequent,37.4,1,1
trace,exposure,21,frequent,251.9,43,1
trace,exposure,22,frequent,316.6,224,1
trace,exposure,23,frequent,297.8,25,1
trace,exposure,24,frequent,256.1,24,1
trace,exposure,25,frequent,323.5,81,1
trace,exposure,26,frequent,309.4,36,1
trace,exposure,27,frequent,255.6,44,1
trace,exposure,28,frequent,264.6,23,1
trace,exposure,29,frequent,251.3,21,1
trace,exposure,30,frequent,143.7,15,1
trace,exposure,31,frequent,257.0,28,1
trace,exposure,32,rare,337.3,34,1
trace,exposure,33,frequent,355.4,46,1
trace,exposure,34,frequent,345.5,39,1
trace,exposure,35,frequent,255.7,34,1
trace,exposure,36,frequent,309.5,30,1
trace,exposure,37,rare,455.4,38,1
trace,exposure,38,frequent,287.2,113,1
trace,exposure,39,frequent,258.7,28,1
trace,exposure,40,rare,349.3,141,1
trace,exposure,41,frequent,276.6,27,1
trace,exposure,42,frequent,278.0,24,1
trace,exposure,43,frequent,284.4,24,1
trace,exposure,44,frequent,303.4,39,1
trace,exposure,45,frequent,281.1,53,1
trace,exposure,46,frequent,282.8,26,1
trace,exposure,47,frequent,344.8,34,1
trace,exposure,48,rare,449.1,54,1
trace,exposure,49,frequent,263.7,37,1
trace,exposure,50,rare,326.9,102,1
trace,exposure,51,frequent,445.8,115,1
trace,exposure,52,frequent,296.8,33,1
trace,exposure,53,rare,326.9,27,1
trace,exposure,54,rare,358.1,102,1
trace,exposure,55,frequent,471.1,41,1
trace,exposure,56,rare,294.6,70,1
trace,exposure,57,rare,302.9,29,1
trace,exposure,58,rare,320.3,56,1
trace,exposure,59,rare,315.1,28,1
trace,exposure,60,frequent,301.5,34,1
trace,exposure,61,frequent,256.1,23,1
trace,exposure,62,rare,503.2,47,1
trace,exposure,63,frequent,284.0,27,1
trace,exposure,64,frequent,310.7,30,1
trace,exposure,65,frequent,351.8,99,1
trace,exposure,66,rare,524.9,50,1
trace,exposure,67,frequent,419.5,84,1
trace,exposure,68,frequent,272.9,49,1
trace,exposure,69,frequent,273.7,78,1
trace,exposure,70,frequent,255.9,28,1
trace,exposure,71,frequent,272.2,22,1
trace,exposure,72,frequent,256.2,20,1
trace,exposure,73,frequent,254.8,38,1
trace,exposure,74,frequent,377.0,59,1
trace,exposure,75,frequent,304.8,37,1
trace,exposure,76,frequent,275.6,25,1
trace,exposure,77,frequent,143.9,65,1
trace,exposure,78,frequent,321.7,38,1
trace,exposure,79,frequent,260.5,153,1
trace,exposure,80,frequent,45.8,2,1
trace,exposure,81,frequent,97.1,7,1
trace,exposure,82,frequent,214.6,20,1
trace,exposure,83,frequent,356.7,47,1
trace,exposure,84,rare,418.2,34,1
trace,exposure,85,frequent,360.3,26,1
trace,exposure,86,frequent,319.0,67,1
trace,exposure,87,rare,303.1,29,1
trace,exposure,88,frequent,331.8,26,1
trace,exposure,89,frequent,255.5,23,1
trace,exposure,90,frequent,265.1,23,1
trace,exposure,91,frequent,267.8,24,1
trace,exposure,92,frequent,127.6,9,1
trace,exposure,93,rare,394.5,40,1
trace,exposure,94,frequent,438.1,48,1
trace,exposure,95,frequent,284.8,23,1
trace,exposure,96,frequent,298.5,104,1
trace,exposure,97,frequent,311.1,30,1
trace,exposure,98,frequent,280.9,26,1
trace,exposure,99,frequent,125.2,10,1
trace,exposure,100,frequent,296.0,103,1
trace,exposure,101,frequent,301.1,131,1
trace,exposure,102,frequent,138.8,31,1
trace,exposure,103,rare,340.7,34,1
trace,exposure,104,frequent,271.7,23,1
trace,exposure,105,frequent,262.4,45,1
trace,exposure,106,frequent,275.5,73,1
trace,exposure,107,frequent,314.4,129,1
trace,exposure,108,rare,309.7,30,1
trace,exposure,109,frequent,267.4,74,1
trace,exposure,110,frequent,390.7,29,1
trace,exposure,111,frequent,272.1,23,1
trace,exposure,112,frequent,281.8,40,1
trace,exposure,113,frequent,266.7,27,1
trace,exposure,114,rare,367.3,36,1
trace,exposure,115,frequent,310.1,33,1
trace,exposure,116,frequent,300.9,74,1
trace,exposure,117,frequent,280.9,31,1
trace,exposure,118,rare,326.4,25,1
trace,exposure,119,frequent,323.2,29,1
trace,test,0,frequent,270.2,42,1
trace,test,1,rare,306.9,31,1
trace,test,2,rare,309.2,155,1
trace,test,3,rare,340.3,24,1
trace,test,4,rare,329.2,28,1
trace,test,5,frequent,335.3,29,1
trace,test,6,rare,401.3,66,1
trace,test,7,rare,256.2,25,1
trace,test,8,rare,323.3,25,1
trace,test,9,rare,384.7,30,1
trace,test,10,rare,381.1,44,1
trace,test,11,rare,451.0,98,1
trace,test,12,rare,278.4,52,1
trace,test,13,rare,364.0,53,1
trace,test,14,rare,309.9,26,1
trace,test,15,frequent,267.8,25,1
trace,test,16,rare,488.9,60,1
trace,test,17,rare,353.0,27,1
trace,test,18,rare,309.1,23,1
trace,test,19,rare,312.1,39,1
trace,test,20,frequent,272.4,26,1
trace,test,21,rare,277.2,114,1
trace,test,22,frequent,297.4,49,1
trace,test,23,rare,306.0,29,1
trace,test,24,rare,318.4,39,1
trace,test,25,frequent,319.3,26,1
trace,test,26,rare,323.5,30,1
trace,test,27,rare,364.4,33,1
trace,test,28,frequent,255.5,144,1
trace,test,29,rare,264.8,24,1
trace,test,30,rare,292.8,25,1
trace,test,31,frequent,401.3,150,1
trace,test,32,rare,280.1,23,1
trace,test,33,rare,326.4,29,1
trace,test,34,frequent,361.1,58,1
trace,test,35,frequent,261.7,27,1
trace,test,36,rare,468.9,48,1
trace,test,37,rare,389.8,79,1
trace,test,38,rare,270.5,47,1
trace,test,39,frequent,359.0,71,1
trace,test,40,frequent,279.1,24,1
trace,test,41,rare,320.6,62,1
trace,test,42,frequent,425.4,37,1
trace,test,43,rare,343.6,27,1
trace,test,44,rare,260.0,24,1
trace,test,45,rare,396.5,147,1
trace,test,46,rare,251.5,140,1
trace,test,47,frequent,252.4,37,1
trace,test,48,frequent,313.9,27,1
trace,test,49,rare,285.5,24,1
trace,test,50,rare,330.8,53,1
trace,test,51,frequent,358.3,39,1
trace,test,52,rare,281.6,24,1
trace,test,53,rare,308.3,126,1
trace,test,54,frequent,300.3,35,1
trace,test,55,rare,276.7,72,1
trace,test,56,rare,398.6,39,1
trace,test,57,frequent,265.9,196,1
trace,test,58,rare,315.3,35,1
trace,test,59,rare,263.0,95,1
trace,test,60,frequent,271.8,39,1
trace,test,61,rare,290.1,29,1
trace,test,62,frequent,313.5,31,1
trace,test,63,rare,315.7,43,1
trace,test,64,rare,359.4,29,1
trace,test,65,rare,353.9,33,1
trace,test,66,frequent,359.3,35,1
trace,test,67,frequent,299.7,52,1
trace,test,68,rare,296.0,28,1
trace,test,69,rare,406.9,31,1
trace,test,70,rare,386.7,36,1
trace,test,71,frequent,291.5,30,1
trace,test,72,rare,273.6,101,1
trace,test,73,rare,320.7,38,1
trace,test,74,rare,272.2,23,1
trace,test,75,rare,297.6,22,1
trace,test,76,frequent,368.9,93,1
trace,test,77,rare,252.2,19,1
trace,test,78,frequent,251.5,18,1
trace,test,79,frequent,321.2,57,1
trace,exposure,0,frequent,268.9,24,1
trace,exposure,1,frequent,250.1,84,1
trace,exposure,2,rare,261.7,36,1
trace,exposure,3,frequent,303.5,29,1
trace,exposure,4,frequent,281.7,22,1
trace,exposure,5,rare,274.0,26,1
trace,exposure,6,frequent,301.9,25,1
trace,exposure,7,frequent,296.4,32,1
trace,exposure,8,frequent,252.8,37,1
trace,exposure,9,frequent,254.3,17,1
trace,exposure,10,frequent,345.8,71,1
trace,exposure,11,rare,312.7,25,1
trace,exposure,12,rare,296.6,66,1
trace,exposure,13,frequent,420.4,36,1
trace,exposure,14,frequent,337.2,26,1
trace,exposure,15,rare,262.0,49,1
trace,exposure,16,frequent,270.4,129,1
trace,exposure,17,frequent,277.3,41,1
trace,exposure,18,frequent,65.3,3,1
trace,exposure,19,frequent,257.0,19,1
trace,exposure,20,frequent,260.0,26,1
trace,exposure,21,rare,342.2,33,1
trace,exposure,22,frequent,308.4,243,1
trace,exposure,23,frequent,274.2,41,1
trace,exposure,24,rare,308.9,58,1
trace,exposure,25,frequent,253.1,115,1
trace,exposure,26,frequent,291.9,24,1
trace,exposure,27,frequent,268.0,24,1
trace,exposure,28,rare,290.4,83,1
trace,exposure,29,frequent,267.7,58,1
trace,exposure,30,frequent,274.6,33,1
trace,exposure,31,frequent,263.6,49,1
trace,exposure,32,rare,256.2,29,1
trace,exposure,33,frequent,335.7,32,1
trace,exposure,34,frequent,318.2,26,1
trace,exposure,35,rare,257.7,24,1
trace,exposure,36,frequent,262.0,92,1
trace,exposure,37,frequent,283.9,56,1
trace,exposure,38,rare,330.5,100,1
trace,exposure,39,frequent,273.4,23,1
trace,exposure,40,frequent,266.9,44,1
trace,exposure,41,frequent,272.2,110,1
trace,exposure,42,frequent,60.9,4,1
trace,exposure,43,frequent,291.1,86,1
trace,exposure,44,rare,273.4,25,1
trace,exposure,45,frequent,255.9,122,1
trace,exposure,46,rare,320.0,62,1
trace,exposure,47,rare,336.8,32,1
trace,exposure,48,rare,287.0,25,1
trace,exposure,49,frequent,366.4,49,1
trace,exposure,50,frequent,255.9,263,1
trace,exposure,51,frequent,14.7,1,1
trace,exposure,52,rare,267.5,19,1
trace,exposure,53,rare,255.7,19,1
trace,exposure,54,rare,349.7,29,1
trace,exposure,55,rare,295.9,30,1
trace,exposure,56,frequent,280.8,21,1
trace,exposure,57,rare,379.1,125,1
trace,exposure,58,rare,261.1,32,1
trace,exposure,59,frequent,345.7,27,1
trace,exposure,60,frequent,283.0,220,1
trace,exposure,61,frequent,100.4,8,1
trace,exposure,62,rare,281.0,26,1
trace,exposure,63,rare,300.7,27,1
trace,exposure,64,rare,380.4,38,1
trace,exposure,65,frequent,258.2,23,1
trace,exposure,66,frequent,262.4,20,1
trace,exposure,67,frequent,299.0,61,1
trace,exposure,68,frequent,267.9,21,1
trace,exposure,69,frequent,267.2,19,1
trace,exposure,70,rare,299.7,24,1
trace,exposure,71,frequent,293.6,67,1
trace,exposure,72,rare,332.0,31,1
trace,exposure,73,frequent,359.2,91,1
trace,exposure,74,rare,318.2,28,1
trace,exposure,75,frequent,254.4,24,1
trace,exposure,76,frequent,270.0,53,1
trace,exposure,77,frequent,294.8,24,1
trace,exposure,78,frequent,263.8,21,1
trace,exposure,79,frequent,265.1,19,1
trace,exposure,80,frequent,264.1,20,1
trace,exposure,81,frequent,291.7,270,1
trace,exposure,82,frequent,107.0,71,1
trace,exposure,83,rare,252.0,22,1
trace,exposure,84,rare,290.0,21,1
trace,exposure,85,rare,380.3,30,1
trace,exposure,86,frequent,297.7,31,1
trace,exposure,87,frequent,273.1,19,1
trace,exposure,88,rare,404.2,137,1
trace,exposure,89,rare,260.9,61,1
trace,exposure,90,frequent,363.1,33,1
trace,exposure,91,frequent,284.4,108,1
trace,exposure,92,frequent,162.2,27,1
trace,exposure,93,frequent,259.1,164,1
trace,exposure,94,frequent,202.2,15,1
trace,exposure,95,frequent,281.7,66,1
trace,exposure,96,frequent,330.5,25,1
trace,exposure,97,rare,347.5,32,1
trace,exposure,98,frequent,277.2,19,1
trace,exposure,99,frequent,253.8,20,1
trace,exposure,100,frequent,263.2,71,1
trace,exposure,101,frequent,284.4,76,1
trace,exposure,102,rare,407.6,52,1
trace,exposure,103,frequent,398.5,92,1
trace,exposure,104,rare,320.1,63,1
trace,exposure,105,frequent,251.0,21,1
trace,exposure,106,frequent,264.4,59,1
trace,exposure,107,frequent,252.3,20,1
trace,exposure,108,rare,338.5,80,1
trace,exposure,109,frequent,376.2,27,1
trace,exposure,110,frequent,92.4,6,1
trace,exposure,111,frequent,276.5,55,1
trace,exposure,112,frequent,250.2,72,1
trace,exposure,113,frequent,265.8,31,1
trace,exposure,114,rare,257.7,81,1
trace,exposure,115,frequent,276.1,33,1
trace,exposure,116,frequent,279.3,26,1
trace,exposure,117,frequent,348.8,34,1
trace,exposure,118,frequent,63.0,3,1
trace,exposure,119,frequent,250.1,27,1
trace,test,0,rare,324.9,29,1
trace,test,1,rare,373.7,35,1
trace,test,2,rare,279.4,27,1
trace,test,3,rare,305.0,84,1
trace,test,4,rare,273.0,22,1
trace,test,5,rare,300.5,33,1
trace,test,6,rare,272.1,48,1
trace,test,7,rare,259.7,18,1
trace,test,8,rare,272.4,19,1
trace,test,9,frequent,308.5,21,1
trace,test,10,rare,317.7,26,1
trace,test,11,frequent,284.6,21,1
trace,test,12,rare,298.3,30,1
trace,test,13,rare,368.0,38,1
trace,test,14,rare,254.5,21,1
trace,test,15,rare,323.2,53,1
trace,test,16,rare,269.4,27,1
trace,test,17,frequent,323.5,24,1
trace,test,18,rare,287.8,22,1
trace,test,19,rare,312.9,29,1
trace,test,20,rare,258.8,21,1
trace,test,21,rare,379.1,36,1
trace,test,22,rare,287.4,114,1
trace,test,23,rare,272.3,24,1
trace,test,24,frequent,263.6,24,1
trace,test,25,rare,261.7,19,1
trace,test,26,rare,291.1,27,1
trace,test,27,rare,323.8,28,1
trace,test,28,frequent,311.0,22,1
trace,test,29,rare,344.8,32,1
trace,test,30,rare,410.4,51,1
trace,test,31,frequent,271.6,101,1
trace,test,32,rare,269.3,19,1
trace,test,33,rare,251.5,23,1
trace,test,34,rare,328.1,25,1
trace,test,35,rare,389.3,32,1
trace,test,36,rare,330.3,27,1
trace,test,37,rare,272.1,23,1
trace,test,38,rare,278.5,83,1
trace,test,39,rare,282.9,101,1
trace,test,40,rare,265.3,19,1
trace,test,41,frequent,293.9,57,1
trace,test,42,rare,325.2,25,1
trace,test,43,frequent,257.6,24,1
trace,test,44,rare,298.3,27,1
trace,test,45,rare,250.0,82,1
trace,test,46,frequent,298.9,21,1
trace,test,47,frequent,298.3,175,1
trace,test,48,rare,349.8,155,1
trace,test,49,rare,323.3,197,1
trace,test,50,frequent,295.1,24,1
trace,test,51,rare,272.1,97,1
trace,test,52,rare,270.7,27,1
trace,test,53,rare,282.8,57,1
trace,test,54,frequent,387.6,158,1
trace,test,55,rare,496.4,66,1
trace,test,56,frequent,365.2,43,1
trace,test,57,frequent,355.3,133,1
trace,test,58,rare,262.6,20,1
trace,test,59,frequent,327.6,34,1
trace,test,60,rare,386.3,68,1
trace,test,61,rare,267.6,21,1
trace,test,62,rare,279.5,26,1
trace,test,63,rare,291.2,21,1
trace,test,64,frequent,301.6,31,1
trace,test,65,rare,300.1,34,1
trace,test,66,rare,426.4,81,1
trace,test,67,frequent,318.0,25,1
trace,test,68,rare,289.1,35,1
trace,test,69,rare,323.6,48,1
trace,test,70,frequent,343.6,29,1
trace,test,71,rare,363.9,167,1
trace,test,72,frequent,302.2,95,1
trace,test,73,rare,266.4,25,1
trace,test,74,rare,350.6,93,1
trace,test,75,rare,296.4,33,1
trace,test,76,rare,310.2,26,1
trace,test,77,frequent,324.5,26,1
trace,test,78,rare,304.1,24,1
trace,test,79,rare,251.9,24,1
trace,exposure,0,rare,256.8,27,1
trace,exposure,1,frequent,403.9,98,1
trace,exposure,2,rare,295.6,83,1
trace,exposure,3,frequent,357.0,30,1
trace,exposure,4,frequent,370.9,37,1
trace,exposure,5,rare,272.5,40,1
trace,exposure,6,frequent,273.0,27,1
trace,exposure,7,rare,295.3,25,1
trace,exposure,8,frequent,401.1,33,1
trace,exposure,9,frequent,278.9,20,1
trace,exposure,10,frequent,261.5,20,1
trace,exposure,11,frequent,264.2,19,1
trace,exposure,12,frequent,440.2,49,1
trace,exposure,13,rare,322.2,35,1
trace,exposure,14,frequent,402.1,56,1
trace,exposure,15,frequent,314.3,34,1
trace,exposure,16,frequent,257.4,22,1
trace,exposure,17,frequent,295.9,114,1
trace,exposure,18,frequent,137.1,10,1
trace,exposure,19,frequent,316.3,33,1
trace,exposure,20,rare,256.4,30,1
trace,exposure,21,frequent,273.2,28,1
trace,exposure,22,frequent,265.5,21,1
trace,exposure,23,frequent,431.9,63,1
trace,exposure,24,rare,311.3,66,1
trace,exposure,25,frequent,252.1,27,1
trace,exposure,26,frequent,280.7,51,1
trace,exposure,27,frequent,270.8,24,1
trace,exposure,28,rare,271.6,25,1
trace,exposure,29,frequent,300.7,52,1
trace,exposure,30,frequent,297.6,40,1
trace,exposure,31,rare,308.8,28,1
trace,exposure,32,frequent,310.7,41,1
trace,exposure,33,frequent,124.8,36,1
trace,exposure,34,rare,454.1,44,1
trace,exposure,35,frequent,260.8,22,1
trace,exposure,36,rare,277.0,27,1
trace,exposure,37,rare,318.8,26,1
trace,exposure,38,rare,453.8,91,1
trace,exposure,39,rare,268.9,21,1
trace,exposure,40,frequent,286.6,40,1
trace,exposure,41,rare,256.8,25,1
trace,exposure,42,frequent,284.0,22,1
trace,exposure,43,rare,278.9,19,1
trace,exposure,44,frequent,314.6,95,1
trace,exposure,45,frequent,484.2,111,1
trace,exposure,46,frequent,302.8,78,1
trace,exposure,47,rare,301.7,22,1
trace,exposure,48,frequent,331.3,34,1
trace,exposure,49,rare,251.2,144,1
trace,exposure,50,frequent,280.7,37,1
trace,exposure,51,frequent,273.5,26,1
trace,exposure,52,rare,276.0,28,1
trace,exposure,53,frequent,258.6,18,1
trace,exposure,54,frequent,61.2,3,1
trace,exposure,55,frequent,427.5,44,1
trace,exposure,56,frequent,250.7,21,1
trace,exposure,57,frequent,273.9,43,1
trace,exposure,58,frequent,266.6,23,1
trace,exposure,59,frequent,274.2,21,1
trace,exposure,60,rare,255.0,25,1
trace,exposure,61,frequent,396.3,52,1
trace,exposure,62,frequent,302.4,27,1
trace,exposure,63,frequent,286.2,26,1
trace,exposure,64,frequent,271.6,57,1
trace,exposure,65,rare,288.2,27,1
trace,exposure,66,frequent,310.4,30,1
trace,exposure,67,rare,407.6,125,1
trace,exposure,68,frequent,261.4,19,1
trace,exposure,69,frequent,307.8,39,1
trace,exposure,70,rare,284.8,23,1
trace,exposure,71,frequent,386.2,36,1
trace,exposure,72,rare,263.2,22,1
trace,exposure,73,frequent,360.6,33,1
trace,exposure,74,frequent,318.5,24,1
trace,exposure,75,frequent,252.8,18,1
trace,exposure,76,frequent,258.6,18,1
trace,exposure,77,rare,379.0,41,1
trace,exposure,78,frequent,360.0,28,1
trace,exposure,79,frequent,259.2,19,1
trace,exposure,80,frequent,267.3,29,1
trace,exposure,81,frequent,312.1,42,1
trace,exposure,82,frequent,269.3,19,1
trace,exposure,83,frequent,284.4,24,1
trace,exposure,84,frequent,252.7,23,1
trace,exposure,85,rare,369.0,44,1
trace,exposure,86,frequent,317.7,31,1
trace,exposure,87,frequent,280.5,75,1
trace,exposure,88,frequent,325.3,70,1
trace,exposure,89,frequent,323.9,51,1
trace,exposure,90,frequent,278.4,23,1
trace,exposure,91,rare,315.3,40,1
trace,exposure,92,frequent,312.2,40,1
trace,exposure,93,frequent,295.0,75,1
trace,exposure,94,frequent,273.2,68,1
trace,exposure,95,frequent,284.5,25,1
trace,exposure,96,frequent,165.7,14,1
trace,exposure,97,frequent,271.6,26,1
trace,exposure,98,rare,347.7,34,1
trace,exposure,99,frequent,306.7,56,1
trace,exposure,100,frequent,287.3,37,1
trace,exposure,101,frequent,263.6,17,1
trace,exposure,102,frequent,266.4,26,1
trace,exposure,103,frequent,319.5,30,1
trace,exposure,104,frequent,298.5,20,1
trace,exposure,105,frequent,257.0,58,1
trace,exposure,106,frequent,177.2,16,1
trace,exposure,107,frequent,293.1,34,1
trace,exposure,108,frequent,336.7,75,1
trace,exposure,109,rare,429.9,33,1
trace,exposure,110,frequent,327.6,26,1
trace,exposure,111,rare,391.4,34,1
trace,exposure,112,rare,270.5,46,1
trace,exposure,113,frequent,269.6,26,1
trace,exposure,114,frequent,266.9,30,1
trace,exposure,115,frequent,46.2,2,1
trace,exposure,116,rare,372.6,32,1
trace,exposure,117,frequent,284.2,96,1
trace,exposure,118,frequent,307.5,28,1
trace,exposure,119,frequent,268.7,24,1
trace,test,0,rare,372.9,30,1
trace,test,1,rare,259.3,27,1
trace,test,2,rare,259.4,23,1
trace,test,3,rare,286.2,26,1
trace,test,4,frequent,284.6,27,1
trace,test,5,frequent,252.8,24,1
trace,test,6,rare,279.1,42,1
trace,test,7,frequent,314.3,27,1
trace,test,8,rare,312.1,32,1
trace,test,9,frequent,256.4,23,1
trace,test,10,rare,254.1,25,1
trace,test,11,rare,309.7,35,1
trace,test,12,rare,384.6,49,1
trace,test,13,rare,393.9,76,1
trace,test,14,rare,484.3,40,1
trace,test,15,rare,301.4,59,1
trace,test,16,frequent,260.1,22,1
trace,test,17,frequent,258.3,32,1
trace,test,18,rare,257.6,33,1
trace,test,19,rare,313.9,31,1
trace,test,20,frequent,255.7,19,1
trace,test,21,rare,304.8,53,1
trace,test,22,frequent,349.8,30,1
trace,test,23,rare,250.5,22,1
trace,test,24,rare,358.8,48,1
trace,test,25,rare,363.2,34,1
trace,test,26,rare,339.6,29,1
trace,test,27,rare,422.9,69,1
trace,test,28,rare,321.3,72,1
trace,test,29,frequent,359.9,38,1
trace,test,30,rare,261.8,21,1
trace,test,31,rare,293.5,34,1
trace,test,32,frequent,303.6,25,1
trace,test,33,frequent,263.1,23,1
trace,test,34,rare,290.9,45,1
trace,test,35,rare,423.9,33,1
trace,test,36,rare,292.7,44,1
trace,test,37,rare,299.3,28,1
trace,test,38,rare,314.1,33,1
trace,test,39,rare,276.5,25,1
trace,test,40,rare,284.5,67,1
trace,test,41,rare,302.3,27,1
trace,test,42,rare,265.9,93,1
trace,test,43,frequent,308.9,23,1
trace,test,44,rare,316.3,31,1
trace,test,45,frequent,326.8,23,1
trace,test,46,rare,317.9,27,1
trace,test,47,frequent,280.6,34,1
trace,test,48,frequent,363.5,31,1
trace,test,49,rare,292.3,22,1
trace,test,50,frequent,437.7,37,1
trace,test,51,frequent,257.0,24,1
trace,test,52,rare,391.6,66,1
trace,test,53,rare,270.9,42,1
trace,test,54,rare,276.5,52,1
trace,test,55,rare,405.7,35,1
trace,test,56,rare,278.2,23,1
trace,test,57,rare,397.5,39,1
trace,test,58,rare,411.4,69,1
trace,test,59,frequent,414.7,31,1
trace,test,60,frequent,364.5,56,1
trace,test,61,frequent,252.5,23,1
trace,test,62,rare,303.1,23,1
trace,test,63,frequent,391.3,33,1
trace,test,64,rare,297.8,24,1
trace,test,65,rare,320.3,29,1
trace,test,66,rare,309.4,29,1
trace,test,67,frequent,324.1,34,1
trace,test,68,frequent,300.0,28,1
trace,test,69,rare,484.7,46,1
trace,test,70,rare,290.2,39,1
trace,test,71,rare,309.0,28,1
trace,test,72,frequent,424.4,38,1
trace,test,73,rare,287.0,31,1
trace,test,74,rare,363.9,61,1
trace,test,75,rare,275.2,30,1
trace,test,76,frequent,391.8,104,1
trace,test,77,rare,302.1,30,1
trace,test,78,rare,351.1,26,1
trace,test,79,rare,297.7,66,1
control,exposure,0,frequent,275.3,75,1
control,exposure,1,frequent,259.6,84,1
control,exposure,2,frequent,278.6,22,1
control,exposure,3,frequent,274.0,31,1
control,exposure,4,frequent,94.2,8,1
control,exposure,5,frequent,263.8,28,1
control,exposure,6,frequent,270.8,48,1
control,exposure,7,frequent,294.3,25,1
control,exposure,8,frequent,312.5,25,1
control,exposure,9,frequent,98.4,8,1
control,exposure,10,frequent,262.7,21,1
control,exposure,11,rare,260.2,31,1
control,exposure,12,frequent,289.5,52,1
control,exposure,13,frequent,436.5,109,1
control,exposure,14,rare,361.0,38,1
control,exposure,15,frequent,323.8,33,1
control,exposure,16,frequent,283.3,30,1
control,exposure,17,rare,477.8,39,1
control,exposure,18,rare,347.2,50,1
control,exposure,19,frequent,255.8,22,1
control,exposure,20,frequent,136.5,12,1
control,exposure,21,frequent,261.3,21,1
control,exposure,22,frequent,275.6,144,1
control,exposure,23,rare,400.5,44,1
control,exposure,24,frequent,253.8,23,1
control,exposure,25,frequent,254.1,26,1
control,exposure,26,frequent,298.7,28,1
control,exposure,27,rare,445.9,70,1
control,exposure,28,frequent,315.6,111,1
control,exposure,29,frequent,295.0,22,1
control,exposure,30,frequent,252.8,18,1
control,exposure,31,frequent,283.5,22,1
control,exposure,32,frequent,253.0,21,1
control,exposure,33,frequent,316.4,28,1
control,exposure,34,frequent,263.1,26,1
control,exposure,35,frequent,256.7,46,1
control,exposure,36,frequent,290.8,30,1
control,exposure,37,frequent,158.6,14,1
control,exposure,38,frequent,276.5,42,1
control,exposure,39,frequent,260.2,103,1
control,exposure,40,frequent,264.9,24,1
control,exposure,41,frequent,251.2,25,1
control,exposure,42,rare,348.6,32,1
control,exposure,43,rare,285.5,44,1
control,exposure,44,frequent,329.2,32,1
control,exposure,45,frequent,311.3,31,1
control,exposure,46,rare,289.4,82,1
control,exposure,47,frequent,271.5,25,1
control,exposure,48,frequent,302.4,28,1
control,exposure,49,frequent,362.1,80,1
control,exposure,50,frequent,153.5,10,1
control,exposure,51,rare,268.6,25,1
control,exposure,52,rare,403.5,43,1
control,exposure,53,frequent,474.6,42,1
control,exposure,54,rare,330.2,32,1
control,exposure,55,rare,332.8,34,1
control,exposure,56,rare,346.0,28,1
control,exposure,57,frequent,324.9,32,1
control,exposure,58,rare,367.2,160,1
control,exposure,59,frequent,389.3,83,1
control,exposure,60,frequent,340.8,34,1
control,exposure,61,frequent,260.0,19,1
control,exposure,62,rare,324.5,96,1
control,exposure,63,frequent,465.7,95,1
control,exposure,64,rare,300.2,46,1
control,exposure,65,frequent,266.7,50,1
control,exposure,66,frequent,353.3,39,1
control,exposure,67,frequent,252.1,23,1
control,exposure,68,frequent,320.5,29,1
control,exposure,69,frequent,297.4,41,1
control,exposure,70,frequent,261.8,99,1
control,exposure,71,rare,315.5,28,1
control,exposure,72,frequent,455.5,53,1
control,exposure,73,rare,252.5,24,1
control,exposure,74,frequent,379.1,41,1
control,exposure,75,frequent,309.5,33,1
control,exposure,76,rare,287.4,27,1
control,exposure,77,frequent,299.3,80,1
control,exposure,78,frequent,283.3,25,1
control,exposure,79,frequent,106.4,9,1
control,exposure,80,frequent,270.1,32,1
control,exposure,81,frequent,268.6,18,1
control,exposure,82,rare,317.8,29,1
control,exposure,83,frequent,443.9,124,1
control,exposure,84,frequent,259.2,18,1
control,exposure,85,frequent,260.2,21,1
control,exposure,86,frequent,327.6,33,1
control,exposure,87,rare,266.6,57,1
control,exposure,88,frequent,268.9,23,1
control,exposure,89,frequent,316.7,30,1
control,exposure,90,rare,257.3,25,1
control,exposure,91,rare,368.4,34,1
control,exposure,92,frequent,290.0,100,1
control,exposure,93,rare,297.7,23,1
control,exposure,94,frequent,327.2,30,1
control,exposure,95,frequent,256.7,20,1
control,exposure,96,frequent,251.4,25,1
control,exposure,97,frequent,262.3,25,1
control,exposure,98,frequent,301.9,24,1
control,exposure,99,frequent,364.8,26,1
control,exposure,100,frequent,278.6,23,1
control,exposure,101,frequent,264.5,25,1
control,exposure,102,frequent,278.7,81,1
control,exposure,103,frequent,294.7,27,1
control,exposure,104,frequent,255.1,24,1
control,exposure,105,frequent,257.5,50,1
control,exposure,106,frequent,261.5,29,1
control,exposure,107,frequent,277.8,25,1
control,exposure,108,frequent,137.5,44,1
control,exposure,109,frequent,105.4,46,1
control,exposure,110,frequent,296.2,22,1
control,exposure,111,rare,344.8,114,1
control,exposure,112,rare,326.1,30,1
control,exposure,113,frequent,315.5,29,1
control,exposure,114,frequent,259.0,24,1
control,exposure,115,rare,257.3,24,1
control,exposure,116,frequent,363.6,40,1
control,exposure,117,frequent,264.7,40,1
control,exposure,118,frequent,268.9,26,1
control,exposure,119,frequent,255.9,26,1
control,test,0,rare,348.5,26,1
control,test,1,rare,260.8,90,1
control,test,2,frequent,284.8,21,1
control,test,3,rare,310.1,30,1
control,test,4,frequent,498.2,69,1
control,test,5,rare,571.8,46,1
control,test,6,frequent,282.0,20,1
control,test,7,rare,339.0,27,1
control,test,8,rare,319.4,26,1
control,test,9,rare,278.1,26,1
control,test,10,rare,375.9,28,1
control,test,11,frequent,259.1,24,1
control,test,12,rare,379.5,45,1
control,test,13,frequent,335.6,27,1
control,test,14,rare,278.9,24,1
control,test,15,rare,258.4,22,1
control,test,16,rare,342.9,29,1
control,test,17,frequent,302.1,26,1
control,test,18,rare,274.7,66,1
control,test,19,rare,300.8,146,1
control,test,20,rare,313.9,34,1
control,test,21,rare,314.7,23,1
control,test,22,rare,371.7,72,1
control,test,23,frequent,269.1,27,1
control,test,24,rare,334.1,59,1
control,test,25,rare,304.7,29,1
control,test,26,rare,450.8,40,1
control,test,27,rare,282.7,42,1
control,test,28,frequent,339.5,36,1
control,test,29,frequent,257.8,20,1
control,test,30,rare,281.1,24,1
control,test,31,rare,330.3,32,1
control,test,32,rare,260.5,57,1
control,test,33,rare,310.7,23,1
control,test,34,frequent,360.7,32,1
control,test,35,rare,280.4,24,1
control,test,36,frequent,303.0,27,1
control,test,37,rare,350.8,34,1
control,test,38,frequent,301.7,27,1
control,test,39,rare,347.8,33,1
control,test,40,rare,357.2,34,1
control,test,41,rare,326.9,31,1
control,test,42,rare,307.8,29,1
control,test,43,rare,333.4,30,1
control,test,44,rare,319.7,31,1
control,test,45,frequent,255.6,22,1
control,test,46,frequent,358.8,78,1
control,test,47,rare,289.3,22,1
control,test,48,rare,275.3,27,1
control,test,49,rare,352.0,24,1
control,test,50,rare,258.7,34,1
control,test,51,rare,363.2,181,1
control,test,52,rare,458.1,55,1
control,test,53,rare,300.9,29,1
control,test,54,rare,275.1,28,1
control,test,55,frequent,386.3,81,1
control,test,56,rare,417.0,40,1
control,test,57,rare,250.7,19,1
control,test,58,frequent,299.5,25,1
control,test,59,rare,304.8,26,1
control,test,60,rare,319.2,202,1
control,test,61,rare,364.5,36,1
control,test,62,frequent,329.1,34,1
control,test,63,rare,335.1,33,1
control,test,64,rare,477.8,36,1
control,test,65,rare,257.3,20,1
control,test,66,frequent,258.9,22,1
control,test,67,frequent,391.9,64,1
control,test,68,rare,257.6,21,1
control,test,69,rare,335.5,37,1
control,test,70,rare,432.7,38,1
control,test,71,frequent,331.3,28,1
control,test,72,rare,301.6,37,1
control,test,73,frequent,344.9,33,1
control,test,74,rare,281.3,27,1
control,test,75,rare,360.7,32,1
control,test,76,rare,462.5,39,1
control,test,77,frequent,269.8,70,1
control,test,78,rare,324.2,31,1
control,test,79,rare,360.6,54,1
control,exposure,0,frequent,268.9,23,1
control,exposure,1,frequent,250.5,82,1
control,exposure,2,rare,315.3,39,1
control,exposure,3,frequent,315.8,26,1
control,exposure,4,frequent,327.8,184,1
control,exposure,5,rare,323.4,124,1
control,exposure,6,rare,283.7,120,1
control,exposure,7,rare,286.5,27,1
control,exposure,8,frequent,250.5,20,1
control,exposure,9,frequent,327.4,106,1
control,exposure,10,frequent,112.4,39,1
control,exposure,11,frequent,312.4,39,1
control,exposure,12,rare,258.5,24,1
control,exposure,13,frequent,264.1,25,1
control,exposure,14,frequent,306.9,56,1
control,exposure,15,frequent,292.2,53,1
control,exposure,16,frequent,52.5,3,1
control,exposure,17,rare,262.2,47,1
control,exposure,18,frequent,335.6,54,1
control,exposure,19,rare,261.4,21,1
control,exposure,20,frequent,260.1,24,1
control,exposure,21,rare,273.5,37,1
control,exposure,22,frequent,422.2,70,1
control,exposure,23,rare,389.0,29,1
control,exposure,24,frequent,401.4,41,1
control,exposure,25,rare,331.0,24,1
control,exposure,26,frequent,350.3,62,1
control,exposure,27,frequent,61.7,4,1
control,exposure,28,frequent,259.1,19,1
control,exposure,29,rare,292.0,86,1
control,exposure,30,frequent,396.3,290,1
control,exposure,31,rare,284.1,31,1
control,exposure,32,frequent,337.7,49,1
control,exposure,33,frequent,259.3,21,1
control,exposure,34,frequent,254.7,81,1
control,exposure,35,frequent,266.4,52,1
control,exposure,36,frequent,171.3,13,1
control,exposure,37,frequent,300.9,20,1
control,exposure,38,frequent,322.3,24,1
control,exposure,39,frequent,260.0,23,1
control,exposure,40,rare,354.8,25,1
control,exposure,41,rare,303.1,25,1
control,exposure,42,rare,305.0,128,1
control,exposure,43,frequent,285.4,21,1
control,exposure,44,frequent,295.2,61,1
control,exposure,45,frequent,272.5,24,1
control,exposure,46,frequent,252.9,23,1
control,exposure,47,frequent,260.9,24,1
control,exposure,48,frequent,295.9,21,1
control,exposure,49,rare,278.4,26,1
control,exposure,50,frequent,320.5,46,1
control,exposure,51,rare,280.9,28,1
control,exposure,52,rare,273.6,26,1
control,exposure,53,frequent,472.4,38,1
control,exposure,54,frequent,258.0,73,1
control,exposure,55,rare,275.1,34,1
control,exposure,56,rare,289.3,27,1
control,exposure,57,frequent,352.0,36,1
control,exposure,58,frequent,438.9,36,1
control,exposure,59,frequent,250.1,28,1
control,exposure,60,frequent,309.6,21,1
control,exposure,61,frequent,255.4,23,1
control,exposure,62,rare,391.0,54,1
control,exposure,63,frequent,271.9,134,1
control,exposure,64,frequent,333.5,103,1
control,exposure,65,frequent,265.7,20,1
control,exposure,66,frequent,39.7,2,1
control,exposure,67,frequent,252.7,59,1
control,exposure,68,frequent,314.4,29,1
control,exposure,69,rare,272.5,20,1
control,exposure,70,frequent,292.0,21,1
control,exposure,71,rare,274.0,21,1
control,exposure,72,frequent,253.2,235,1
control,exposure,73,rare,445.3,65,1
control,exposure,74,rare,256.3,24,1
control,exposure,75,frequent,330.9,24,1
control,exposure,76,rare,258.1,21,1
control,exposure,77,rare,304.2,140,1
control,exposure,78,frequent,258.3,23,1
control,exposure,79,frequent,251.2,20,1
control,exposure,80,frequent,291.2,20,1
control,exposure,81,frequent,257.5,88,1
control,exposure,82,rare,315.7,24,1
control,exposure,83,rare,261.2,24,1
control,exposure,84,frequent,147.3,25,1
control,exposure,85,frequent,255.8,56,1
control,exposure,86,frequent,260.9,19,1
control,exposure,87,rare,276.7,26,1
control,exposure,88,rare,259.6,109,1
control,exposure,89,frequent,324.1,30,1
control,exposure,90,rare,290.1,28,1
control,exposure,91,frequent,296.2,20,1
control,exposure,92,frequent,271.5,26,1
control,exposure,93,frequent,273.0,18,1
control,exposure,94,frequent,254.1,18,1
control,exposure,95,frequent,46.2,2,1
control,exposure,96,frequent,277.3,101,1
control,exposure,97,frequent,350.4,29,1
control,exposure,98,rare,375.2,29,1
control,exposure,99,frequent,320.9,28,1
control,exposure,100,frequent,262.2,19,1
control,exposure,101,frequent,279.8,25,1
control,exposure,102,frequent,287.2,22,1
control,exposure,103,frequent,265.2,19,1
control,exposure,104,frequent,262.1,249,1
control,exposure,105,frequent,124.3,33,1
control,exposure,106,frequent,293.4,50,1
control,exposure,107,frequent,274.1,23,1
control,exposure,108,frequent,48.5,2,1
control,exposure,109,frequent,308.8,34,1
control,exposure,110,frequent,270.4,28,1
control,exposure,111,frequent,288.6,32,1
control,exposure,112,rare,259.3,54,1
control,exposure,113,frequent,398.8,30,1
control,exposure,114,frequent,122.4,11,1
control,exposure,115,rare,302.8,28,1
control,exposure,116,frequent,270.3,23,1
control,exposure,117,rare,271.8,71,1
control,exposure,118,rare,283.9,21,1
control,exposure,119,frequent,280.6,24,1
control,test,0,rare,485.1,215,1
control,test,1,frequent,346.4,27,1
control,test,2,rare,318.1,87,1
control,test,3,rare,330.3,40,1
control,test,4,rare,388.6,31,1
control,test,5,rare,294.1,29,1
control,test,6,rare,301.4,61,1
control,test,7,rare,298.2,23,1
control,test,8,rare,344.6,35,1
control,test,9,rare,269.2,28,1
control,test,10,rare,301.2,57,1
control,test,11,rare,283.8,23,1
control,test,12,rare,342.9,35,1
control,test,13,rare,261.9,22,1
control,test,14,frequent,360.7,35,1
control,test,15,frequent,347.3,145,1
control,test,16,rare,260.3,53,1
control,test,17,rare,486.4,56,1
control,test,18,rare,300.6,25,1
control,test,19,frequent,281.9,19,1
control,test,20,rare,286.3,22,1
control,test,21,frequent,296.1,25,1
control,test,22,frequent,277.2,21,1
control,test,23,rare,277.9,26,1
control,test,24,rare,254.9,59,1
control,test,25,rare,253.4,60,1
control,test,26,rare,278.7,63,1
control,test,27,rare,272.2,44,1
control,test,28,rare,360.6,42,1
control,test,29,rare,281.2,27,1
control,test,30,rare,258.7,40,1
control,test,31,rare,340.9,33,1
control,test,32,frequent,274.8,28,1
control,test,33,rare,331.8,25,1
control,test,34,rare,254.1,45,1
control,test,35,rare,286.6,22,1
control,test,36,frequent,285.2,19,1
control,test,37,rare,293.5,26,1
control,test,38,frequent,260.9,18,1
control,test,39,rare,271.2,23,1
control,test,40,rare,280.3,96,1
control,test,41,rare,310.7,30,1
control,test,42,rare,287.7,41,1
control,test,43,rare,258.7,18,1
control,test,44,rare,256.3,23,1
control,test,45,rare,276.5,27,1
control,test,46,rare,254.6,42,1
control,test,47,frequent,357.4,33,1
control,test,48,rare,251.8,29,1
control,test,49,frequent,259.1,28,1
control,test,50,rare,286.9,32,1
control,test,51,rare,424.0,92,1
control,test,52,rare,255.8,39,1
control,test,53,rare,254.6,22,1
control,test,54,rare,272.1,69,1
control,test,55,frequent,278.7,32,1
control,test,56,rare,283.3,123,1
control,test,57,rare,254.0,90,1
control,test,58,frequent,386.7,68,1
control,test,59,frequent,325.1,177,1
control,test,60,rare,431.9,160,1
control,test,61,rare,319.2,34,1
control,test,62,rare,256.5,19,1
control,test,63,rare,264.2,18,1
control,test,64,frequent,392.6,33,1
control,test,65,rare,422.0,165,1
control,test,66,frequent,307.2,39,1
control,test,67,frequent,336.8,154,1
control,test,68,rare,324.5,33,1
control,test,69,rare,291.6,27,1
control,test,70,rare,268.6,21,1
control,test,71,rare,388.6,39,1
control,test,72,rare,261.9,98,1
control,test,73,rare,255.5,22,1
control,test,74,frequent,319.1,31,1
control,test,75,rare,273.7,60,1
control,test,76,rare,311.1,28,1
control,test,77,rare,278.8,21,1
control,test,78,frequent,252.3,19,1
control,test,79,rare,282.9,30,1
control,exposure,0,rare,256.8,24,1
control,exposure,1,frequent,412.3,100,1
control,exposure,2,rare,298.9,83,1
control,exposure,3,frequent,311.1,29,1
control,exposure,4,frequent,277.9,25,1
control,exposure,5,frequent,321.3,24,1
control,exposure,6,frequent,285.9,23,1
control,exposure,7,frequent,276.6,35,1
control,exposure,8,frequent,354.8,35,1
control,exposure,9,rare,338.7,28,1
control,exposure,10,frequent,271.9,26,1
control,exposure,11,frequent,309.8,23,1
control,exposure,12,frequent,325.7,67,1
control,exposure,13,frequent,266.5,20,1
control,exposure,14,frequent,264.4,18,1
control,exposure,15,frequent,101.1,9,1
control,exposure,16,frequent,356.2,35,1
control,exposure,17,rare,330.5,30,1
control,exposure,18,frequent,441.0,51,1
control,exposure,19,rare,269.7,21,1
control,exposure,20,frequent,300.9,29,1
control,exposure,21,frequent,255.5,19,1
control,exposure,22,frequent,264.4,19,1
control,exposure,23,frequent,287.2,20,1
control,exposure,24,frequent,293.3,27,1
control,exposure,25,frequent,268.5,20,1
control,exposure,26,frequent,269.3,21,1
control,exposure,27,frequent,343.6,31,1
control,exposure,28,rare,446.3,89,1
control,exposure,29,frequent,281.7,132,1
control,exposure,30,frequent,44.6,2,1
control,exposure,31,frequent,278.5,43,1
control,exposure,32,frequent,259.2,19,1
control,exposure,33,rare,344.1,27,1
control,exposure,34,frequent,295.1,25,1
control,exposure,35,rare,446.4,52,1
control,exposure,36,frequent,277.2,22,1
control,exposure,37,rare,326.1,25,1
control,exposure,38,frequent,258.2,25,1
control,exposure,39,frequent,259.0,25,1
control,exposure,40,frequent,255.2,135,1
control,exposure,41,rare,275.7,22,1
control,exposure,42,frequent,345.0,25,1
control,exposure,43,rare,287.9,54,1
control,exposure,44,rare,365.5,120,1
control,exposure,45,frequent,306.6,64,1
control,exposure,46,rare,296.5,62,1
control,exposure,47,frequent,253.8,20,1
control,exposure,48,frequent,296.4,28,1
control,exposure,49,rare,281.9,88,1
control,exposure,50,frequent,308.6,28,1
control,exposure,51,rare,288.1,26,1
control,exposure,52,frequent,307.0,48,1
control,exposure,53,frequent,254.9,35,1
control,exposure,54,frequent,198.0,32,1
control,exposure,55,frequent,111.9,22,1
control,exposure,56,frequent,390.6,54,1
control,exposure,57,rare,258.4,24,1
control,exposure,58,frequent,435.8,43,1
control,exposure,59,frequent,357.8,67,1
control,exposure,60,frequent,90.1,6,1
control,exposure,61,frequent,271.9,84,1
control,exposure,62,frequent,75.5,5,1
control,exposure,63,frequent,280.9,27,1
control,exposure,64,frequent,268.0,21,1
control,exposure,65,rare,342.5,26,1
control,exposure,66,frequent,452.0,34,1
control,exposure,67,rare,343.7,34,1
control,exposure,68,frequent,264.0,23,1
control,exposure,69,frequent,307.4,29,1
control,exposure,70,rare,403.9,36,1
control,exposure,71,frequent,261.3,21,1
control,exposure,72,frequent,289.0,24,1
control,exposure,73,rare,333.7,31,1
control,exposure,74,frequent,366.3,35,1
control,exposure,75,frequent,301.8,48,1
control,exposure,76,frequent,256.6,18,1
control,exposure,77,rare,366.1,29,1
control,exposure,78,frequent,406.8,35,1
control,exposure,79,frequent,288.9,34,1
control,exposure,80,frequent,256.4,18,1
control,exposure,81,frequent,354.8,62,1
control,exposure,82,rare,298.2,27,1
control,exposure,83,frequent,383.3,33,1
control,exposure,84,frequent,295.2,92,1
control,exposure,85,rare,316.3,32,1
control,exposure,86,rare,337.1,32,1
control,exposure,87,frequent,550.8,50,1
control,exposure,88,rare,253.1,41,1
control,exposure,89,frequent,358.6,35,1
control,exposure,90,frequent,465.3,60,1
control,exposure,91,frequent,280.3,31,1
control,exposure,92,frequent,381.8,29,1
control,exposure,93,frequent,304.6,22,1
control,exposure,94,frequent,264.8,36,1
control,exposure,95,rare,263.0,39,1
control,exposure,96,frequent,284.3,20,1
control,exposure,97,rare,306.2,26,1
control,exposure,98,frequent,330.7,47,1
control,exposure,99,frequent,314.3,27,1
control,exposure,100,frequent,131.9,9,1
control,exposure,101,rare,265.6,26,1
control,exposure,102,frequent,268.2,23,1
control,exposure,103,frequent,293.8,27,1
control,exposure,104,frequent,80.7,4,1
control,exposure,105,frequent,362.8,43,1
control,exposure,106,frequent,250.1,24,1
control,exposure,107,rare,277.3,24,1
control,exposure,108,frequent,533.3,71,1
control,exposure,109,rare,317.6,71,1
control,exposure,110,frequent,326.5,25,1
control,exposure,111,frequent,167.0,13,1
control,exposure,112,frequent,74.2,6,1
control,exposure,113,frequent,330.9,68,1
control,exposure,114,frequent,256.9,18,1
control,exposure,115,frequent,253.0,25,1
control,exposure,116,rare,298.9,23,1
control,exposure,117,frequent,317.4,30,1
control,exposure,118,rare,277.6,21,1
control,exposure,119,frequent,263.2,25,1
control,test,0,frequent,270.1,33,1
control,test,1,rare,354.6,33,1
control,test,2,rare,449.1,38,1
control,test,3,rare,327.9,82,1
control,test,4,rare,260.7,24,1
control,test,5,rare,440.3,52,1
control,test,6,frequent,252.8,22,1
control,test,7,rare,424.2,42,1
control,test,8,rare,279.1,24,1
control,test,9,rare,384.4,66,1
control,test,10,rare,314.2,37,1
control,test,11,rare,258.9,23,1
control,test,12,rare,309.9,34,1
control,test,13,rare,257.8,23,1
control,test,14,frequent,258.2,19,1
control,test,15,rare,416.7,39,1
control,test,16,frequent,338.2,28,1
control,test,17,rare,325.6,63,1
control,test,18,rare,277.2,35,1
control,test,19,rare,339.0,72,1
control,test,20,rare,546.8,74,1
control,test,21,rare,360.2,32,1
control,test,22,frequent,332.3,34,1
control,test,23,rare,335.6,45,1
control,test,24,rare,253.9,20,1
control,test,25,rare,278.9,35,1
control,test,26,frequent,261.3,90,1
control,test,27,rare,261.7,25,1
control,test,28,frequent,366.0,32,1
control,test,29,rare,254.3,20,1
control,test,30,rare,273.0,24,1
control,test,31,rare,298.3,31,1
control,test,32,rare,311.6,52,1
control,test,33,frequent,368.6,54,1
control,test,34,rare,271.6,25,1
control,test,35,rare,345.5,28,1
control,test,36,rare,325.7,76,1
control,test,37,frequent,379.9,84,1
control,test,38,rare,262.0,41,1
control,test,39,rare,286.5,28,1
control,test,40,rare,254.5,24,1
control,test,41,rare,322.0,28,1
control,test,42,rare,308.2,24,1
control,test,43,rare,374.4,31,1
control,test,44,frequent,413.1,41,1
control,test,45,rare,289.0,24,1
control,test,46,rare,276.9,26,1
control,test,47,frequent,436.3,40,1
control,test,48,rare,351.2,35,1
control,test,49,frequent,284.4,40,1
control,test,50,rare,255.3,27,1
control,test,51,rare,361.1,44,1
control,test,52,rare,257.3,24,1
control,test,53,rare,360.1,57,1
control,test,54,rare,393.8,31,1
control,test,55,frequent,268.9,24,1
control,test,56,frequent,273.8,26,1
control,test,57,frequent,288.0,24,1
control,test,58,rare,271.2,41,1
control,test,59,rare,582.1,58,1
control,test,60,rare,347.4,35,1
control,test,61,rare,371.6,35,1
control,test,62,rare,329.6,66,1
control,test,63,rare,288.4,63,1
control,test,64,frequent,342.2,34,1
control,test,65,rare,296.0,30,1
control,test,66,rare,320.0,28,1
control,test,67,rare,304.2,28,1
control,test,68,rare,519.5,75,1
control,test,69,rare,311.2,60,1
control,test,70,rare,306.7,24,1
control,test,71,rare,278.0,26,1
control,test,72,rare,286.4,22,1
control,test,73,rare,271.5,41,1
control,test,74,rare,268.9,25,1
control,test,75,rare,329.2,36,1
control,test,76,rare,360.7,32,1
control,test,77,frequent,315.7,41,1
control,test,78,rare,288.8,27,1
control,test,79,rare,265.1,19,1
