arm,block,goal_idx,mean_dist_to_quad_center,end_dist_to_quad_center
trace,exposure,0,186.3,186.9
trace,exposure,1,204.5,302.9
trace,exposure,2,168.8,194.6
trace,exposure,3,273.6,368.7
trace,exposure,4,195.1,227.7
trace,exposure,5,257.6,208.2
trace,exposure,6,158.7,156.6
trace,exposure,7,186.2,67.9
trace,exposure,8,146.4,133.2
trace,exposure,9,99.9,63.5
trace,exposure,10,168.5,121.0
trace,exposure,11,133.2,154.3
trace,exposure,12,201.1,182.5
trace,exposure,13,179.2,191.8
trace,exposure,14,191.4,205.8
trace,exposure,15,315.0,415.2
trace,exposure,16,212.7,219.6
trace,exposure,17,123.9,143.0
trace,exposure,18,173.1,193.8
trace,exposure,19,122.1,94.9
trace,exposure,20,155.0,145.0
trace,exposure,21,89.1,68.6
trace,exposure,22,176.3,111.9
trace,exposure,23,144.4,211.4
trace,exposure,24,202.5,190.3
trace,exposure,25,220.1,288.0
trace,exposure,26,199.2,213.3
trace,exposure,27,300.7,337.6
trace,exposure,28,193.5,220.2
trace,exposure,29,268.2,256.4
trace,exposure,30,169.1,168.7
trace,exposure,31,167.8,86.2
trace,exposure,32,142.5,141.6
trace,exposure,33,117.0,62.2
trace,exposure,34,163.2,150.5
trace,exposure,35,130.9,151.6
trace,exposure,36,200.7,185.6
trace,exposure,37,196.5,212.5
trace,exposure,38,293.4,334.9
trace,exposure,39,208.2,219.7
trace,exposure,40,247.5,184.7
trace,exposure,41,186.8,120.9
trace,exposure,42,123.2,145.9
trace,exposure,43,123.3,60.0
trace,exposure,44,161.7,127.7
trace,exposure,45,194.5,242.0
trace,exposure,46,188.8,172.2
trace,exposure,47,194.1,209.2
trace,exposure,48,241.1,321.9
trace,exposure,49,172.4,211.1
trace,exposure,50,246.9,280.2
trace,exposure,51,172.1,178.0
trace,exposure,52,175.2,98.8
trace,exposure,53,151.3,154.3
trace,exposure,54,120.2,64.0
trace,exposure,55,159.6,174.9
trace,exposure,56,140.3,147.0
trace,exposure,57,192.4,188.0
trace,exposure,58,179.2,183.6
trace,exposure,59,236.8,228.4
trace,exposure,60,211.6,220.5
trace,exposure,61,155.2,177.1
trace,exposure,62,227.8,240.9
trace,exposure,63,219.5,177.7
trace,exposure,64,190.0,194.5
trace,exposure,65,124.6,129.8
trace,exposure,66,154.0,130.2
trace,exposure,67,98.2,92.0
trace,exposure,68,143.7,138.1
trace,exposure,69,234.6,180.0
trace,exposure,70,184.2,172.4
trace,exposure,71,200.8,211.8
trace,exposure,72,156.5,179.3
trace,exposure,73,220.0,235.7
trace,exposure,74,180.2,252.3
trace,exposure,75,193.0,211.8
trace,exposure,76,133.6,135.4
trace,exposure,77,164.0,138.9
trace,exposure,78,107.1,68.6
trace,exposure,79,144.5,163.5
trace,exposure,80,200.3,202.8
trace,exposure,81,198.7,200.0
trace,exposure,82,225.6,231.1
trace,exposure,83,225.7,185.7
trace,exposure,84,172.7,206.2
trace,exposure,85,248.9,262.8
trace,exposure,86,168.0,173.6
trace,exposure,87,211.5,160.9
trace,exposure,88,158.2,170.0
trace,exposure,89,121.1,80.1
trace,exposure,90,229.1,187.3
trace,exposure,91,148.0,179.0
trace,exposure,92,208.2,197.8
trace,exposure,93,193.7,188.2
trace,exposure,94,225.8,228.0
trace,exposure,95,222.7,223.5
trace,exposure,96,171.4,198.2
trace,exposure,97,245.0,244.2
trace,exposure,98,193.3,236.3
trace,exposure,99,201.1,188.9
trace,exposure,100,139.3,152.8
trace,exposure,101,151.6,116.7
trace,exposure,102,137.4,114.9
trace,exposure,103,147.6,153.0
trace,exposure,104,221.8,199.8
trace,exposure,105,183.4,186.2
trace,exposure,106,216.3,233.4
trace,exposure,107,215.6,236.6
trace,exposure,108,174.6,159.8
trace,exposure,109,213.1,260.9
trace,exposure,110,156.2,233.8
trace,exposure,111,187.9,202.0
trace,exposure,112,153.5,133.2
trace,exposure,113,102.2,126.0
trace,exposure,114,182.7,114.0
trace,exposure,115,216.4,194.6
trace,exposure,116,182.6,167.4
trace,exposure,117,201.0,212.3
trace,exposure,118,218.7,200.9
trace,exposure,119,236.8,242.3
trace,test,0,150.8,192.1
trace,test,1,176.4,183.3
trace,test,2,164.2,132.2
trace,test,3,151.8,133.3
trace,test,4,99.2,143.2
trace,test,5,159.5,128.9
trace,test,6,217.8,238.2
trace,test,7,186.3,182.9
trace,test,8,193.4,218.3
trace,test,9,217.4,239.1
trace,test,10,185.2,172.7
trace,test,11,235.3,263.3
trace,test,12,149.8,190.0
trace,test,13,183.5,202.5
trace,test,14,183.8,155.4
trace,test,15,154.7,124.6
trace,test,16,127.0,256.9
trace,test,17,154.2,158.1
trace,test,18,219.6,202.9
trace,test,19,184.6,202.3
trace,test,20,221.6,236.6
trace,test,21,212.4,188.2
trace,test,22,245.5,244.5
trace,test,23,162.6,171.9
trace,test,24,215.9,232.7
trace,test,25,179.7,178.5
trace,test,26,171.2,145.9
trace,test,27,180.7,132.6
trace,test,28,227.1,245.9
trace,test,29,202.7,190.6
trace,test,30,207.8,231.3
trace,test,31,233.7,257.3
trace,test,32,242.7,235.5
trace,test,33,193.2,248.2
trace,test,34,247.2,235.1
trace,test,35,181.5,199.9
trace,test,36,213.8,194.7
trace,test,37,188.5,181.2
trace,test,38,107.0,77.4
trace,test,39,197.3,137.1
trace,test,40,226.1,213.4
trace,test,41,202.8,221.0
trace,test,42,221.4,242.7
trace,test,43,242.0,244.6
trace,test,44,201.2,263.1
trace,test,45,249.7,205.4
trace,test,46,200.4,231.4
trace,test,47,203.3,195.7
trace,test,48,175.9,152.5
trace,test,49,106.9,240.3
trace,test,50,153.5,144.0
trace,test,51,222.6,241.6
trace,test,52,188.2,205.8
trace,test,53,217.5,233.1
trace,test,54,222.8,185.0
trace,test,55,240.0,284.4
trace,test,56,183.0,193.2
trace,test,57,211.2,207.1
trace,test,58,186.7,178.7
trace,test,59,108.5,52.0
trace,test,60,184.2,165.9
trace,test,61,237.7,219.3
trace,test,62,197.1,212.8
trace,test,63,208.6,238.9
trace,test,64,243.3,266.4
trace,test,65,200.8,195.7
trace,test,66,244.5,267.4
trace,test,67,196.6,218.8
trace,test,68,183.5,177.6
trace,test,69,114.3,49.0
trace,test,70,194.1,137.2
trace,test,71,181.8,241.2
trace,test,72,214.0,208.4
trace,test,73,217.9,214.8
trace,test,74,223.3,243.0
trace,test,75,250.4,255.2
trace,test,76,236.8,297.6
trace,test,77,117.1,167.0
trace,test,78,204.5,233.2
trace,test,79,218.6,223.5
trace,exposure,0,183.7,183.8
trace,exposure,1,89.9,7.1
trace,exposure,2,248.0,256.2
trace,exposure,3,176.9,115.3
trace,exposure,4,122.7,108.7
trace,exposure,5,109.0,110.3
trace,exposure,6,204.5,222.4
trace,exposure,7,203.4,270.2
trace,exposure,8,147.4,106.8
trace,exposure,9,147.6,175.4
trace,exposure,10,139.6,130.0
trace,exposure,11,84.2,21.0
trace,exposure,12,245.4,238.5
trace,exposure,13,176.1,127.1
trace,exposure,14,129.0,92.3
trace,exposure,15,153.0,191.7
trace,exposure,16,205.9,219.3
trace,exposure,17,227.1,235.9
trace,exposure,18,134.1,135.6
trace,exposure,19,146.7,148.7
trace,exposure,20,137.3,87.7
trace,exposure,21,169.1,149.1
trace,exposure,22,285.4,261.9
trace,exposure,23,181.6,169.3
trace,exposure,24,118.0,80.1
trace,exposure,25,104.0,97.6
trace,exposure,26,186.2,193.3
trace,exposure,27,214.9,216.1
trace,exposure,28,248.4,357.0
trace,exposure,29,124.5,86.3
trace,exposure,30,128.3,88.0
trace,exposure,31,181.5,152.1
trace,exposure,32,146.6,128.2
trace,exposure,33,81.2,31.1
trace,exposure,34,255.6,231.9
trace,exposure,35,177.8,157.3
trace,exposure,36,116.6,104.6
trace,exposure,37,126.8,132.0
trace,exposure,38,196.7,211.2
trace,exposure,39,198.0,212.3
trace,exposure,40,121.8,117.4
trace,exposure,41,118.1,88.9
trace,exposure,42,167.6,102.5
trace,exposure,43,126.1,148.9
trace,exposure,44,144.3,140.1
trace,exposure,45,110.7,55.1
trace,exposure,46,287.7,255.4
trace,exposure,47,168.8,141.2
trace,exposure,48,119.4,94.4
trace,exposure,49,86.4,92.7
trace,exposure,50,177.1,197.6
trace,exposure,51,211.7,202.8
trace,exposure,52,255.7,372.9
trace,exposure,53,140.9,116.1
trace,exposure,54,150.3,81.4
trace,exposure,55,65.6,34.7
trace,exposure,56,222.2,212.9
trace,exposure,57,160.5,107.4
trace,exposure,58,106.0,63.3
trace,exposure,59,96.7,103.1
trace,exposure,60,182.8,199.9
trace,exposure,61,208.5,195.5
trace,exposure,62,277.2,396.3
trace,exposure,63,115.2,96.5
trace,exposure,64,171.5,136.4
trace,exposure,65,102.8,139.5
trace,exposure,66,135.8,127.8
trace,exposure,67,101.2,49.3
trace,exposure,68,267.3,230.1
trace,exposure,69,173.9,161.8
trace,exposure,70,119.1,103.2
trace,exposure,71,92.5,84.8
trace,exposure,72,153.2,193.3
trace,exposure,73,216.6,219.1
trace,exposure,74,232.9,337.1
trace,exposure,75,136.2,96.8
trace,exposure,76,131.6,142.4
trace,exposure,77,116.1,93.4
trace,exposure,78,151.5,132.0
trace,exposure,79,116.4,59.1
trace,exposure,80,213.5,219.9
trace,exposure,81,164.0,132.8
trace,exposure,82,109.2,69.1
trace,exposure,83,184.5,204.1
trace,exposure,84,218.8,211.9
trace,exposure,85,198.7,121.9
trace,exposure,86,138.0,135.0
trace,exposure,87,176.5,172.9
trace,exposure,88,101.5,146.5
trace,exposure,89,170.7,146.7
trace,exposure,90,126.1,58.2
trace,exposure,91,302.1,277.7
trace,exposure,92,166.9,120.9
trace,exposure,93,102.8,74.5
trace,exposure,94,211.8,231.6
trace,exposure,95,203.8,212.4
trace,exposure,96,136.3,126.6
trace,exposure,97,156.3,119.6
trace,exposure,98,110.1,129.6
trace,exposure,99,178.2,157.5
trace,exposure,100,145.0,126.4
trace,exposure,101,315.5,299.1
trace,exposure,102,219.4,202.3
trace,exposure,103,180.0,151.1
trace,exposure,104,114.8,73.1
trace,exposure,105,173.6,177.2
trace,exposure,106,214.8,235.5
trace,exposure,107,200.9,142.7
trace,exposure,108,142.1,130.1
trace,exposure,109,155.4,132.3
trace,exposure,110,154.7,81.0
trace,exposure,111,183.2,148.4
trace,exposure,112,141.2,123.6
trace,exposure,113,308.2,278.0
trace,exposure,114,203.0,191.8
trace,exposure,115,168.1,119.6
trace,exposure,116,98.7,66.5
trace,exposure,117,170.6,176.0
trace,exposure,118,233.5,229.5
trace,exposure,119,143.2,99.0
trace,test,0,142.4,155.2
trace,test,1,183.8,197.9
trace,test,2,118.4,116.4
trace,test,3,162.8,138.6
trace,test,4,112.1,44.1
trace,test,5,301.6,263.0
trace,test,6,175.5,174.9
trace,test,7,136.9,89.6
trace,test,8,92.0,136.6
trace,test,9,198.4,219.5
trace,test,10,241.4,244.7
trace,test,11,101.3,113.1
trace,test,12,184.4,198.6
trace,test,13,187.9,198.9
trace,test,14,297.3,390.9
trace,test,15,154.9,229.7
trace,test,16,328.5,309.9
trace,test,17,212.6,207.4
trace,test,18,141.2,99.8
trace,test,19,152.0,110.5
trace,test,20,169.1,195.2
trace,test,21,184.2,200.0
trace,test,22,279.3,258.6
trace,test,23,200.2,172.2
trace,test,24,144.0,172.6
trace,test,25,313.6,299.9
trace,test,26,225.2,212.8
trace,test,27,182.5,134.0
trace,test,28,128.7,138.9
trace,test,29,206.9,234.1
trace,test,30,245.8,230.9
trace,test,31,157.0,108.9
trace,test,32,171.7,202.4
trace,test,33,182.9,189.8
trace,test,34,232.6,220.5
trace,test,35,184.0,143.1
trace,test,36,200.2,331.1
trace,test,37,191.6,180.7
trace,test,38,161.7,112.6
trace,test,39,214.9,240.4
trace,test,40,253.5,234.0
trace,test,41,91.3,112.0
trace,test,42,178.6,194.2
trace,test,43,194.8,220.1
trace,test,44,276.7,241.4
trace,test,45,191.2,156.8
trace,test,46,250.5,338.0
trace,test,47,175.9,112.7
trace,test,48,212.1,117.8
trace,test,49,207.3,243.6
trace,test,50,262.7,266.6
trace,test,51,256.1,311.9
trace,test,52,210.1,213.9
trace,test,53,145.2,116.5
trace,test,54,317.2,384.2
trace,test,55,243.2,261.9
trace,test,56,195.3,200.6
trace,test,57,158.2,224.2
trace,test,58,196.4,188.2
trace,test,59,239.6,272.4
trace,test,60,198.1,99.0
trace,test,61,168.5,171.4
trace,test,62,196.4,192.5
trace,test,63,283.6,265.5
trace,test,64,167.4,134.0
trace,test,65,296.1,366.3
trace,test,66,239.8,273.8
trace,test,67,219.5,236.2
trace,test,68,148.7,201.2
trace,test,69,203.2,187.7
trace,test,70,233.0,242.0
trace,test,71,250.1,216.2
trace,test,72,107.0,115.0
trace,test,73,198.6,222.2
trace,test,74,192.2,197.3
trace,test,75,286.8,275.2
trace,test,76,205.1,179.2
trace,test,77,165.1,271.1
trace,test,78,296.7,367.9
trace,test,79,211.6,219.9
trace,exposure,0,230.3,282.4
trace,exposure,1,298.3,416.0
trace,exposure,2,179.3,162.9
trace,exposure,3,142.7,74.4
trace,exposure,4,203.7,253.0
trace,exposure,5,201.5,76.9
trace,exposure,6,132.7,123.2
trace,exposure,7,147.2,86.5
trace,exposure,8,205.7,237.5
trace,exposure,9,213.9,280.1
trace,exposure,10,152.1,108.3
trace,exposure,11,121.8,93.5
trace,exposure,12,235.7,240.5
trace,exposure,13,311.6,457.4
trace,exposure,14,161.2,106.4
trace,exposure,15,122.2,90.4
trace,exposure,16,187.1,221.3
trace,exposure,17,190.9,70.6
trace,exposure,18,129.2,114.6
trace,exposure,19,128.3,121.9
trace,exposure,20,209.1,184.5
trace,exposure,21,155.1,205.1
trace,exposure,22,112.4,135.6
trace,exposure,23,102.3,118.0
trace,exposure,24,179.0,217.2
trace,exposure,25,255.2,323.9
trace,exposure,26,114.1,129.1
trace,exposure,27,109.6,108.3
trace,exposure,28,200.3,176.8
trace,exposure,29,208.9,200.6
trace,exposure,30,102.2,110.8
trace,exposure,31,99.8,117.0
trace,exposure,32,198.2,184.5
trace,exposure,33,167.4,111.4
trace,exposure,34,154.7,123.0
trace,exposure,35,119.8,91.8
trace,exposure,36,163.9,234.3
trace,exposure,37,227.6,244.2
trace,exposure,38,96.8,133.2
trace,exposure,39,118.9,108.2
trace,exposure,40,182.0,179.5
trace,exposure,41,204.8,238.4
trace,exposure,42,156.2,106.0
trace,exposure,43,113.3,91.4
trace,exposure,44,171.1,193.7
trace,exposure,45,172.4,66.7
trace,exposure,46,155.2,98.4
trace,exposure,47,122.3,93.8
trace,exposure,48,161.3,244.3
trace,exposure,49,223.7,238.1
trace,exposure,50,185.2,87.5
trace,exposure,51,127.4,108.5
trace,exposure,52,173.6,217.2
trace,exposure,53,176.9,189.5
trace,exposure,54,171.8,71.1
trace,exposure,55,129.7,93.3
trace,exposure,56,170.7,240.3
trace,exposure,57,185.2,172.0
trace,exposure,58,159.7,102.0
trace,exposure,59,140.6,104.7
trace,exposure,60,171.7,246.6
trace,exposure,61,233.9,269.4
trace,exposure,62,175.4,90.0
trace,exposure,63,148.8,117.1
trace,exposure,64,178.7,241.1
trace,exposure,65,176.0,189.2
trace,exposure,66,240.9,98.3
trace,exposure,67,121.4,119.0
trace,exposure,68,202.0,180.9
trace,exposure,69,152.6,99.2
trace,exposure,70,106.5,101.5
trace,exposure,71,113.8,65.1
trace,exposure,72,228.4,227.7
trace,exposure,73,238.5,283.1
trace,exposure,74,102.5,126.4
trace,exposure,75,125.7,85.6
trace,exposure,76,212.1,167.3
trace,exposure,77,173.3,67.1
trace,exposure,78,95.2,102.2
trace,exposure,79,104.0,64.8
trace,exposure,80,201.1,174.4
trace,exposure,81,154.1,65.1
trace,exposure,82,120.5,92.2
trace,exposure,83,130.5,112.9
trace,exposure,84,186.5,260.3
trace,exposure,85,222.1,248.7
trace,exposure,86,105.1,130.7
trace,exposure,87,122.2,77.2
trace,exposure,88,211.0,165.3
trace,exposure,89,149.9,125.3
trace,exposure,90,97.0,97.4
trace,exposure,91,104.2,109.0
trace,exposure,92,208.8,179.0
trace,exposure,93,164.3,62.1
trace,exposure,94,118.5,102.0
trace,exposure,95,138.6,104.4
trace,exposure,96,130.7,85.7
trace,exposure,97,237.1,276.7
trace,exposure,98,117.0,133.7
trace,exposure,99,156.0,121.4
trace,exposure,100,217.5,178.4
trace,exposure,101,161.9,89.9
trace,exposure,102,103.3,113.7
trace,exposure,103,216.3,188.2
trace,exposure,104,181.6,169.2
trace,exposure,105,140.5,111.8
trace,exposure,106,181.7,204.0
trace,exposure,107,132.7,70.0
trace,exposure,108,253.7,305.8
trace,exposure,109,109.5,149.5
trace,exposure,110,211.3,310.4
trace,exposure,111,230.8,194.1
trace,exposure,112,186.9,191.0
trace,exposure,113,293.9,465.4
trace,exposure,114,130.1,138.3
trace,exposure,115,206.6,185.4
trace,exposure,116,141.8,104.8
trace,exposure,117,165.5,170.4
trace,exposure,118,120.7,120.2
trace,exposure,119,246.9,234.8
trace,test,0,260.8,234.8
trace,test,1,162.2,169.8
trace,test,2,248.1,365.5
trace,test,3,216.0,180.8
trace,test,4,173.4,83.2
trace,test,5,141.5,129.8
trace,test,6,134.8,75.6
trace,test,7,193.7,201.6
trace,test,8,265.8,406.4
trace,test,9,192.7,216.5
trace,test,10,150.9,51.2
trace,test,11,256.7,292.1
trace,test,12,125.5,174.8
trace,test,13,236.5,196.9
trace,test,14,196.7,180.8
trace,test,15,146.1,143.3
trace,test,16,159.2,28.3
trace,test,17,194.4,189.2
trace,test,18,255.7,323.1
trace,test,19,193.2,217.4
trace,test,20,155.1,60.5
trace,test,21,266.2,302.2
trace,test,22,151.1,142.9
trace,test,23,207.5,252.7
trace,test,24,123.6,106.0
trace,test,25,198.0,204.0
trace,test,26,263.1,430.7
trace,test,27,144.7,153.7
trace,test,28,137.0,72.2
trace,test,29,204.5,210.4
trace,test,30,141.2,180.5
trace,test,31,252.6,231.4
trace,test,32,235.5,241.9
trace,test,33,155.5,187.4
trace,test,34,256.8,295.6
trace,test,35,201.8,198.5
trace,test,36,167.5,72.0
trace,test,37,147.5,143.7
trace,test,38,271.0,230.9
trace,test,39,203.0,144.9
trace,test,40,139.0,179.0
trace,test,41,261.8,273.8
trace,test,42,237.0,248.3
trace,test,43,271.5,253.4
trace,test,44,205.8,219.1
trace,test,45,238.0,380.1
trace,test,46,193.3,219.8
trace,test,47,194.3,49.6
trace,test,48,148.0,151.6
trace,test,49,234.7,343.7
trace,test,50,152.3,71.6
trace,test,51,184.2,193.7
trace,test,52,291.9,325.9
trace,test,53,236.6,248.4
trace,test,54,272.9,266.7
trace,test,55,189.1,191.6
trace,test,56,168.1,40.1
trace,test,57,203.7,193.1
trace,test,58,99.7,72.8
trace,test,59,152.0,147.6
trace,test,60,155.9,321.4
trace,test,61,197.5,194.8
trace,test,62,103.8,74.3
trace,test,63,195.6,219.7
trace,test,64,225.2,359.1
trace,test,65,254.7,322.3
trace,test,66,230.9,147.9
trace,test,67,199.1,226.6
trace,test,68,148.6,154.7
trace,test,69,183.6,96.2
trace,test,70,163.0,110.5
trace,test,71,157.9,144.2
trace,test,72,251.3,357.2
trace,test,73,200.1,203.2
trace,test,74,188.8,55.5
trace,test,75,282.6,342.7
trace,test,76,244.9,243.0
trace,test,77,287.8,326.5
trace,test,78,193.8,182.9
trace,test,79,138.3,62.1
control,exposure,0,211.3,204.8
control,exposure,1,249.2,330.9
control,exposure,2,231.5,249.4
control,exposure,3,308.6,433.9
control,exposure,4,234.1,290.0
control,exposure,5,295.2,266.1
control,exposure,6,217.6,263.8
control,exposure,7,155.7,141.8
control,exposure,8,129.4,130.7
control,exposure,9,175.8,169.1
control,exposure,10,148.7,158.5
control,exposure,11,250.1,298.2
control,exposure,12,244.7,309.1
control,exposure,13,221.4,245.5
control,exposure,14,179.3,201.1
control,exposure,15,272.6,332.1
control,exposure,16,174.6,181.6
control,exposure,17,251.1,298.4
control,exposure,18,199.9,202.6
control,exposure,19,135.4,119.1
control,exposure,20,256.3,212.9
control,exposure,21,202.5,259.0
control,exposure,22,208.3,196.5
control,exposure,23,245.2,305.1
control,exposure,24,223.6,247.8
control,exposure,25,191.7,216.5
control,exposure,26,303.0,304.9
control,exposure,27,208.0,251.8
control,exposure,28,194.2,189.8
control,exposure,29,130.0,133.6
control,exposure,30,185.7,152.3
control,exposure,31,156.3,192.6
control,exposure,32,211.7,209.8
control,exposure,33,233.0,269.8
control,exposure,34,240.5,251.2
control,exposure,35,287.4,378.2
control,exposure,36,216.1,270.7
control,exposure,37,278.9,259.2
control,exposure,38,203.2,251.0
control,exposure,39,191.1,117.7
control,exposure,40,188.9,177.2
control,exposure,41,130.5,160.1
control,exposure,42,192.9,118.9
control,exposure,43,160.7,218.5
control,exposure,44,214.7,212.2
control,exposure,45,237.3,279.1
control,exposure,46,237.5,250.6
control,exposure,47,260.0,340.9
control,exposure,48,186.3,212.0
control,exposure,49,282.4,299.1
control,exposure,50,173.1,196.3
control,exposure,51,254.7,277.1
control,exposure,52,172.6,187.6
control,exposure,53,134.8,114.0
control,exposure,54,174.2,196.5
control,exposure,55,164.4,159.1
control,exposure,56,211.0,213.2
control,exposure,57,228.6,255.0
control,exposure,58,236.6,260.0
control,exposure,59,316.3,311.7
control,exposure,60,233.0,288.0
control,exposure,61,175.5,195.0
control,exposure,62,246.4,231.2
control,exposure,63,149.3,174.6
control,exposure,64,140.0,117.1
control,exposure,65,179.7,140.2
control,exposure,66,265.9,199.0
control,exposure,67,196.4,222.1
control,exposure,68,256.9,277.4
control,exposure,69,240.6,262.3
control,exposure,70,180.0,188.8
control,exposure,71,242.7,286.3
control,exposure,72,214.1,270.4
control,exposure,73,202.2,248.0
control,exposure,74,175.0,127.4
control,exposure,75,184.9,170.6
control,exposure,76,132.1,160.4
control,exposure,77,168.5,167.4
control,exposure,78,224.2,251.4
control,exposure,79,197.2,206.9
control,exposure,80,250.5,273.8
control,exposure,81,243.0,262.5
control,exposure,82,196.9,189.0
control,exposure,83,247.2,286.9
control,exposure,84,236.2,220.3
control,exposure,85,217.4,245.4
control,exposure,86,164.0,184.0
control,exposure,87,142.3,102.3
control,exposure,88,185.8,131.7
control,exposure,89,229.5,252.6
control,exposure,90,201.0,201.1
control,exposure,91,225.6,259.0
control,exposure,92,237.4,260.2
control,exposure,93,214.6,206.2
control,exposure,94,212.6,273.9
control,exposure,95,258.1,274.4
control,exposure,96,187.3,209.0
control,exposure,97,199.8,142.0
control,exposure,98,185.2,185.8
control,exposure,99,119.0,147.0
control,exposure,100,205.7,152.3
control,exposure,101,173.4,216.3
control,exposure,102,210.4,215.3
control,exposure,103,223.9,235.8
control,exposure,104,247.2,257.3
control,exposure,105,188.5,218.3
control,exposure,106,269.1,285.7
control,exposure,107,189.4,216.5
control,exposure,108,204.1,153.6
control,exposure,109,185.7,175.8
control,exposure,110,114.6,142.4
control,exposure,111,177.7,135.9
control,exposure,112,224.2,251.2
control,exposure,113,203.6,206.7
control,exposure,114,216.7,243.5
control,exposure,115,245.6,264.3
control,exposure,116,208.0,196.1
control,exposure,117,243.5,289.0
control,exposure,118,166.9,259.4
control,exposure,119,201.5,247.4
control,test,0,180.9,169.2
control,test,1,183.6,165.3
control,test,2,113.0,199.2
control,test,3,167.7,167.2
control,test,4,228.2,253.7
control,test,5,200.6,214.7
control,test,6,214.9,240.8
control,test,7,240.2,266.9
control,test,8,201.4,196.8
control,test,9,262.7,271.0
control,test,10,178.9,229.2
control,test,11,208.1,256.1
control,test,12,184.5,179.1
control,test,13,136.3,75.0
control,test,14,166.1,203.0
control,test,15,164.0,222.0
control,test,16,221.0,220.7
control,test,17,204.3,214.4
control,test,18,235.2,257.6
control,test,19,246.3,255.7
control,test,20,204.6,196.1
control,test,21,257.4,280.1
control,test,22,157.6,214.8
control,test,23,205.5,247.9
control,test,24,178.9,151.8
control,test,25,114.8,244.1
control,test,26,163.8,158.2
control,test,27,222.5,217.9
control,test,28,218.2,219.7
control,test,29,233.8,256.4
control,test,30,248.2,262.0
control,test,31,207.0,202.2
control,test,32,260.6,285.2
control,test,33,144.1,203.1
control,test,34,199.1,233.3
control,test,35,207.7,194.7
control,test,36,175.7,146.5
control,test,37,116.6,251.3
control,test,38,165.3,132.4
control,test,39,229.2,256.8
control,test,40,202.7,189.4
control,test,41,220.2,245.9
control,test,42,249.3,262.2
control,test,43,189.3,208.9
control,test,44,262.8,270.4
control,test,45,166.9,158.4
control,test,46,235.6,248.5
control,test,47,190.0,192.2
control,test,48,154.4,105.5
control,test,49,342.4,282.3
control,test,50,157.9,163.0
control,test,51,256.6,219.3
control,test,52,203.9,194.2
control,test,53,231.6,253.3
control,test,54,242.7,214.2
control,test,55,236.1,290.6
control,test,56,153.9,172.8
control,test,57,207.6,238.6
control,test,58,208.2,205.8
control,test,59,176.5,147.9
control,test,60,91.5,169.0
control,test,61,156.1,149.2
control,test,62,258.6,222.1
control,test,63,198.3,211.6
control,test,64,211.3,231.7
control,test,65,241.3,277.4
control,test,66,195.1,238.1
control,test,67,289.3,278.5
control,test,68,161.7,154.2
control,test,69,225.5,249.0
control,test,70,198.9,206.2
control,test,71,154.9,109.3
control,test,72,159.5,203.8
control,test,73,144.9,181.0
control,test,74,235.5,220.1
control,test,75,196.4,222.4
control,test,76,218.3,249.1
control,test,77,256.1,279.7
control,test,78,192.3,224.1
control,test,79,274.6,321.9
control,exposure,0,180.2,177.6
control,exposure,1,121.4,25.1
control,exposure,2,293.1,302.1
control,exposure,3,240.4,251.8
control,exposure,4,163.9,137.6
control,exposure,5,124.3,135.2
control,exposure,6,223.2,243.7
control,exposure,7,231.8,278.5
control,exposure,8,188.4,195.9
control,exposure,9,231.9,261.7
control,exposure,10,169.4,148.2
control,exposure,11,106.0,30.0
control,exposure,12,274.2,281.7
control,exposure,13,237.6,210.6
control,exposure,14,155.9,118.0
control,exposure,15,187.3,226.5
control,exposure,16,230.2,250.0
control,exposure,17,244.5,241.9
control,exposure,18,161.6,187.4
control,exposure,19,196.7,248.2
control,exposure,20,196.7,135.7
control,exposure,21,219.5,229.3
control,exposure,22,113.3,38.3
control,exposure,23,310.6,306.4
control,exposure,24,215.1,182.1
control,exposure,25,133.3,113.9
control,exposure,26,212.4,231.3
control,exposure,27,238.1,261.1
control,exposure,28,226.0,285.6
control,exposure,29,193.6,209.3
control,exposure,30,173.8,100.7
control,exposure,31,229.2,203.2
control,exposure,32,177.2,158.1
control,exposure,33,104.2,45.8
control,exposure,34,293.5,299.4
control,exposure,35,247.7,272.4
control,exposure,36,157.1,137.4
control,exposure,37,110.1,124.0
control,exposure,38,225.5,243.4
control,exposure,39,253.8,266.3
control,exposure,40,189.8,142.6
control,exposure,41,200.5,204.0
control,exposure,42,239.9,267.2
control,exposure,43,143.7,171.2
control,exposure,44,199.7,180.2
control,exposure,45,122.7,50.2
control,exposure,46,315.4,313.9
control,exposure,47,226.7,253.4
control,exposure,48,155.8,139.6
control,exposure,49,108.1,142.5
control,exposure,50,230.7,253.0
control,exposure,51,223.8,271.0
control,exposure,52,161.9,190.9
control,exposure,53,203.0,243.2
control,exposure,54,187.9,123.5
control,exposure,55,220.3,236.6
control,exposure,56,173.7,170.8
control,exposure,57,117.3,55.0
control,exposure,58,316.1,312.3
control,exposure,59,225.2,262.9
control,exposure,60,153.8,126.6
control,exposure,61,171.5,176.5
control,exposure,62,230.5,255.1
control,exposure,63,223.3,270.0
control,exposure,64,167.8,199.6
control,exposure,65,210.5,245.7
control,exposure,66,170.5,92.7
control,exposure,67,221.7,230.8
control,exposure,68,173.9,160.3
control,exposure,69,117.3,60.4
control,exposure,70,314.8,311.1
control,exposure,71,220.4,271.0
control,exposure,72,152.1,122.4
control,exposure,73,136.6,167.9
control,exposure,74,221.3,242.8
control,exposure,75,249.3,270.6
control,exposure,76,293.9,408.0
control,exposure,77,204.7,207.9
control,exposure,78,232.4,251.4
control,exposure,79,149.0,226.4
control,exposure,80,194.0,174.3
control,exposure,81,173.2,290.4
control,exposure,82,251.2,285.4
control,exposure,83,190.5,170.0
control,exposure,84,135.8,101.2
control,exposure,85,199.5,223.8
control,exposure,86,233.1,259.8
control,exposure,87,221.9,264.1
control,exposure,88,181.8,215.5
control,exposure,89,209.8,235.8
control,exposure,90,162.1,94.1
control,exposure,91,203.3,180.9
control,exposure,92,139.4,70.8
control,exposure,93,332.8,320.0
control,exposure,94,226.3,196.8
control,exposure,95,129.8,86.3
control,exposure,96,197.9,216.3
control,exposure,97,243.5,268.6
control,exposure,98,227.2,318.7
control,exposure,99,192.6,218.6
control,exposure,100,205.5,242.4
control,exposure,101,283.0,367.9
control,exposure,102,207.8,183.0
control,exposure,103,153.4,140.7
control,exposure,104,331.4,354.1
control,exposure,105,251.6,283.3
control,exposure,106,192.1,168.1
control,exposure,107,148.2,84.6
control,exposure,108,199.8,220.7
control,exposure,109,234.7,266.8
control,exposure,110,201.4,99.0
control,exposure,111,199.6,220.3
control,exposure,112,219.6,250.4
control,exposure,113,221.2,199.6
control,exposure,114,160.2,143.2
control,exposure,115,338.0,330.0
control,exposure,116,250.7,283.9
control,exposure,117,204.5,183.8
control,exposure,118,154.5,93.5
control,exposure,119,202.3,220.5
control,test,0,256.5,274.3
control,test,1,270.0,177.5
control,test,2,208.2,218.7
control,test,3,217.9,243.2
control,test,4,314.8,349.4
control,test,5,191.0,156.2
control,test,6,197.4,319.5
control,test,7,259.2,275.9
control,test,8,204.7,224.9
control,test,9,162.3,173.2
control,test,10,207.0,195.2
control,test,11,223.9,249.7
control,test,12,263.1,252.1
control,test,13,151.7,148.6
control,test,14,213.5,207.3
control,test,15,224.2,267.0
control,test,16,236.3,243.7
control,test,17,185.5,149.6
control,test,18,231.8,263.1
control,test,19,214.9,229.4
control,test,20,186.4,139.6
control,test,21,225.2,206.9
control,test,22,231.6,248.0
control,test,23,248.7,227.5
control,test,24,109.2,125.5
control,test,25,208.7,220.2
control,test,26,203.8,239.1
control,test,27,293.3,288.2
control,test,28,212.0,190.3
control,test,29,148.1,158.5
control,test,30,237.1,261.1
control,test,31,211.4,233.4
control,test,32,164.5,180.0
control,test,33,215.4,198.4
control,test,34,226.8,249.5
control,test,35,276.5,299.8
control,test,36,196.8,213.4
control,test,37,293.6,286.6
control,test,38,209.4,188.4
control,test,39,176.2,313.9
control,test,40,314.6,332.8
control,test,41,207.4,234.8
control,test,42,172.8,151.6
control,test,43,280.8,308.7
control,test,44,100.9,120.1
control,test,45,207.8,231.1
control,test,46,199.2,226.5
control,test,47,293.4,288.8
control,test,48,211.4,198.3
control,test,49,285.5,368.0
control,test,50,246.6,283.9
control,test,51,196.6,156.5
control,test,52,205.4,243.0
control,test,53,254.2,305.8
control,test,54,163.4,94.4
control,test,55,179.2,213.4
control,test,56,203.0,208.7
control,test,57,290.9,296.1
control,test,58,211.0,201.0
control,test,59,235.4,346.5
control,test,60,169.7,244.2
control,test,61,200.8,211.6
control,test,62,244.3,281.7
control,test,63,222.7,185.3
control,test,64,174.1,186.4
control,test,65,196.9,203.1
control,test,66,290.7,279.8
control,test,67,206.2,185.2
control,test,68,249.2,350.1
control,test,69,247.5,281.4
control,test,70,214.9,232.5
control,test,71,147.8,192.1
control,test,72,212.2,200.8
control,test,73,228.3,247.7
control,test,74,214.4,160.1
control,test,75,164.1,174.1
control,test,76,217.5,214.0
control,test,77,219.3,327.0
control,test,78,225.8,233.4
control,test,79,173.6,125.4
control,exposure,0,259.8,324.0
control,exposure,1,301.2,432.6
control,exposure,2,163.5,140.2
control,exposure,3,147.0,209.6
control,exposure,4,280.7,300.5
control,exposure,5,226.2,166.9
control,exposure,6,162.6,240.1
control,exposure,7,140.0,212.9
control,exposure,8,248.6,323.2
control,exposure,9,229.7,176.4
control,exposure,10,149.7,138.3
control,exposure,11,162.9,264.7
control,exposure,12,266.9,332.0
control,exposure,13,315.7,309.9
control,exposure,14,171.1,193.6
control,exposure,15,161.7,238.4
control,exposure,16,245.4,331.7
control,exposure,17,214.1,154.5
control,exposure,18,161.6,207.1
control,exposure,19,153.6,223.3
control,exposure,20,238.0,318.2
control,exposure,21,234.6,151.4
control,exposure,22,180.5,129.3
control,exposure,23,162.2,115.1
control,exposure,24,252.9,304.1
control,exposure,25,250.6,271.0
control,exposure,26,186.6,152.8
control,exposure,27,166.8,255.4
control,exposure,28,224.6,280.7
control,exposure,29,209.9,147.9
control,exposure,30,167.2,237.0
control,exposure,31,186.0,232.4
control,exposure,32,265.9,307.2
control,exposure,33,197.9,178.2
control,exposure,34,158.8,127.5
control,exposure,35,292.1,283.5
control,exposure,36,228.7,181.2
control,exposure,37,180.3,197.1
control,exposure,38,169.6,246.3
control,exposure,39,218.6,259.2
control,exposure,40,326.3,501.8
control,exposure,41,172.5,225.7
control,exposure,42,178.5,265.9
control,exposure,43,230.9,296.6
control,exposure,44,226.8,154.9
control,exposure,45,183.8,152.8
control,exposure,46,150.6,144.3
control,exposure,47,249.0,275.8
control,exposure,48,210.9,214.8
control,exposure,49,210.6,303.1
control,exposure,50,216.8,244.9
control,exposure,51,237.1,287.4
control,exposure,52,193.2,139.0
control,exposure,53,176.0,229.5
control,exposure,54,210.9,249.7
control,exposure,55,231.6,275.0
control,exposure,56,135.6,169.1
control,exposure,57,194.3,112.4
control,exposure,58,230.0,291.6
control,exposure,59,278.9,310.7
control,exposure,60,202.0,188.1
control,exposure,61,217.2,305.0
control,exposure,62,257.1,229.1
control,exposure,63,241.4,315.0
control,exposure,64,126.0,146.0
control,exposure,65,158.1,146.2
control,exposure,66,227.4,242.1
control,exposure,67,206.0,135.7
control,exposure,68,190.8,200.4
control,exposure,69,161.3,192.1
control,exposure,70,257.6,271.1
control,exposure,71,290.2,255.6
control,exposure,72,188.7,184.5
control,exposure,73,290.6,424.2
control,exposure,74,236.3,229.7
control,exposure,75,271.2,278.2
control,exposure,76,142.6,135.1
control,exposure,77,253.9,425.6
control,exposure,78,215.5,234.6
control,exposure,79,319.5,508.3
control,exposure,80,205.3,138.9
control,exposure,81,263.4,301.4
control,exposure,82,264.5,323.1
control,exposure,83,146.7,191.0
control,exposure,84,311.4,451.6
control,exposure,85,207.6,222.0
control,exposure,86,288.5,444.6
control,exposure,87,142.9,123.3
control,exposure,88,308.0,470.4
control,exposure,89,213.4,220.8
control,exposure,90,369.2,542.3
control,exposure,91,195.7,228.2
control,exposure,92,239.3,318.3
control,exposure,93,266.8,325.3
control,exposure,94,149.4,188.0
control,exposure,95,264.2,377.0
control,exposure,96,239.2,228.0
control,exposure,97,250.0,389.3
control,exposure,98,172.2,182.3
control,exposure,99,259.1,255.0
control,exposure,100,245.6,386.4
control,exposure,101,167.4,190.2
control,exposure,102,260.6,310.2
control,exposure,103,246.6,260.3
control,exposure,104,298.0,472.4
control,exposure,105,213.4,259.7
control,exposure,106,233.8,254.8
control,exposure,107,201.9,230.1
control,exposure,108,162.6,133.3
control,exposure,109,143.9,142.4
control,exposure,110,277.3,287.4
control,exposure,111,229.2,350.1
control,exposure,112,150.3,181.8
control,exposure,113,259.0,319.2
control,exposure,114,270.2,267.3
control,exposure,115,278.7,265.2
control,exposure,116,199.6,215.8
control,exposure,117,324.6,477.7
control,exposure,118,197.2,196.9
control,exposure,119,353.0,527.7
control,test,0,175.2,169.1
control,test,1,117.1,87.5
control,test,2,224.9,353.2
control,test,3,154.0,183.9
control,test,4,265.1,334.8
control,test,5,294.0,277.1
control,test,6,273.7,251.1
control,test,7,152.0,194.8
control,test,8,279.1,403.3
control,test,9,230.9,221.8
control,test,10,200.7,102.1
control,test,11,126.4,136.0
control,test,12,134.9,128.5
control,test,13,289.0,268.8
control,test,14,184.5,91.1
control,test,15,145.3,180.5
control,test,16,260.1,338.4
control,test,17,276.2,265.7
control,test,18,277.6,255.5
control,test,19,143.6,195.7
control,test,20,251.1,342.3
control,test,21,250.6,225.9
control,test,22,204.5,144.2
control,test,23,127.1,130.6
control,test,24,147.5,82.0
control,test,25,291.9,270.7
control,test,26,205.1,241.1
control,test,27,172.9,196.0
control,test,28,280.8,338.7
control,test,29,243.6,261.5
control,test,30,304.8,378.0
control,test,31,193.2,210.4
control,test,32,214.0,343.5
control,test,33,198.1,221.5
control,test,34,204.2,58.2
control,test,35,147.1,156.0
control,test,36,243.3,398.6
control,test,37,203.1,238.9
control,test,38,230.1,247.0
control,test,39,215.3,312.6
control,test,40,291.6,402.3
control,test,41,277.3,324.3
control,test,42,245.1,233.0
control,test,43,243.1,357.4
control,test,44,223.8,218.7
control,test,45,158.4,72.6
control,test,46,145.0,156.4
control,test,47,134.3,160.6
control,test,48,226.8,234.3
control,test,49,174.4,68.9
control,test,50,145.8,184.3
control,test,51,258.6,340.2
control,test,52,256.9,267.4
control,test,53,289.2,322.8
control,test,54,227.0,226.1
control,test,55,263.9,366.1
control,test,56,212.5,216.0
control,test,57,170.6,58.3
control,test,58,124.3,151.6
control,test,59,251.3,377.7
control,test,60,214.0,231.4
control,test,61,97.2,75.4
control,test,62,197.4,215.4
control,test,63,321.7,348.2
control,test,64,253.5,305.1
control,test,65,319.8,360.2
control,test,66,208.9,223.6
control,test,67,101.7,81.0
control,test,68,195.9,197.4
control,test,69,186.0,38.8
control,test,70,159.3,160.0
control,test,71,262.7,392.8
control,test,72,210.1,231.7
control,test,73,96.2,67.4
control,test,74,203.7,237.4
control,test,75,267.2,406.5
control,test,76,271.7,331.7
control,test,77,322.7,470.2
control,test,78,236.3,354.5
control,test,79,132.9,196.2
