arm,seed,trial,drift
fitted,100,1,-0.36000
fitted,100,2,1.16000
fitted,100,3,1.80000
fitted,100,4,-1.90000
fitted,100,5,0.34000
fitted,100,6,3.80000
fitted,100,7,2.40000
fitted,100,8,1.84000
fitted,100,9,2.08000
fitted,100,10,3.04000
fitted,100,11,1.52000
fitted,100,12,2.28000
fitted,100,13,2.22000
fitted,100,14,-0.30000
fitted,100,15,1.52000
fitted,100,16,0.20000
fitted,100,17,-3.66000
fitted,100,18,1.52000
fitted,100,19,-2.08000
fitted,100,20,-3.00000
fitted,100,21,-3.04000
fitted,100,22,0.50000
fitted,100,23,-1.86000
fitted,100,24,2.68000
fitted,100,25,0.98000
fitted,100,26,-0.26000
fitted,100,27,1.28000
fitted,100,28,-2.00000
fitted,100,29,2.82000
fitted,100,30,0.50000
fitted,100,31,3.92000
fitted,100,32,1.66000
fitted,100,33,-1.12000
fitted,100,34,2.18000
fitted,100,35,2.34000
fitted,100,36,1.70000
fitted,100,37,-0.36000
fitted,100,38,-1.42000
fitted,100,39,-2.64000
fitted,100,40,0.08000
fitted,100,41,-1.48000
fitted,100,42,1.04000
fitted,100,43,2.30000
fitted,100,44,-1.10000
fitted,100,45,2.04000
fitted,100,46,2.30000
fitted,100,47,-0.02000
fitted,100,48,-0.98000
fitted,100,49,0.86000
fitted,100,50,-2.16000
fitted,100,51,2.62000
fitted,100,52,2.46000
fitted,100,53,-0.62000
fitted,100,54,-0.16000
fitted,100,55,2.76000
fitted,100,56,3.72000
fitted,100,57,2.14000
fitted,100,58,3.78000
fitted,100,59,0.10000
fitted,100,60,1.52000
fitted,100,61,-0.52000
fitted,100,62,-2.00000
fitted,100,63,2.42000
fitted,100,64,0.24000
fitted,100,65,3.82000
fitted,100,66,2.52000
fitted,100,67,2.14000
fitted,100,68,2.16000
fitted,100,69,2.66000
fitted,100,70,-1.68000
fitted,100,71,2.58000
fitted,100,72,1.62000
fitted,100,73,1.38000
fitted,100,74,2.20000
fitted,100,75,2.40000
fitted,100,76,0.16000
fitted,100,77,1.96000
fitted,100,78,1.44000
fitted,100,79,-1.46000
fitted,100,80,-0.40000
fitted,100,81,0.98000
fitted,100,82,2.86000
fitted,100,83,2.02000
fitted,100,84,-0.76000
fitted,100,85,1.62000
fitted,100,86,-2.08000
fitted,100,87,-1.68000
fitted,100,88,0.38000
fitted,100,89,1.46000
fitted,100,90,-0.32000
fitted,100,91,0.78000
fitted,100,92,-2.56000
fitted,100,93,2.52000
fitted,100,94,0.10000
fitted,100,95,-4.02000
fitted,100,96,1.92000
fitted,100,97,-0.44000
fitted,100,98,0.70000
fitted,100,99,0.20000
fitted,100,100,-0.02000
fitted,100,101,1.00000
fitted,100,102,-1.06000
fitted,100,103,-0.04000
fitted,100,104,-3.92000
fitted,100,105,-1.78000
fitted,100,106,0.68000
fitted,100,107,-0.78000
fitted,100,108,-3.36000
fitted,100,109,-0.60000
fitted,100,110,0.80000
fitted,100,111,1.82000
fitted,100,112,-0.62000
fitted,100,113,1.44000
fitted,100,114,-2.58000
fitted,100,115,-1.98000
fitted,100,116,-0.12000
fitted,100,117,-1.26000
fitted,100,118,-2.14000
fitted,100,119,0.14000
fitted,100,120,0.22000
fitted,100,121,-3.54000
fitted,100,122,-1.36000
fitted,100,123,-1.50000
fitted,100,124,-0.24000
fitted,100,125,-3.10000
fitted,100,126,1.94000
fitted,100,127,0.38000
fitted,100,128,-0.74000
fitted,100,129,-2.46000
fitted,100,130,-1.56000
fitted,100,131,0.70000
fitted,100,132,1.74000
fitted,100,133,0.68000
fitted,100,134,-0.90000
fitted,100,135,2.68000
fitted,100,136,2.00000
fitted,100,137,-1.68000
fitted,100,138,3.12000
fitted,100,139,-0.92000
fitted,100,140,1.26000
fitted,100,141,-0.50000
fitted,100,142,0.74000
fitted,100,143,-0.30000
fitted,100,144,3.06000
fitted,100,145,1.72000
fitted,100,146,-0.58000
fitted,100,147,-0.90000
fitted,100,148,2.98000
fitted,100,149,1.96000
fitted,100,150,2.46000
fitted,100,151,2.60000
fitted,100,152,-2.56000
fitted,100,153,3.16000
fitted,100,154,-0.88000
fitted,100,155,1.40000
fitted,100,156,-1.88000
fitted,100,157,1.68000
fitted,100,158,0.12000
fitted,100,159,-1.00000
fitted,100,160,-1.54000
fitted,100,161,0.94000
fitted,100,162,1.80000
fitted,100,163,4.30000
fitted,100,164,-1.92000
fitted,100,165,0.74000
fitted,100,166,0.42000
fitted,100,167,-0.26000
fitted,100,168,1.10000
fitted,100,169,0.98000
fitted,100,170,-0.28000
fitted,100,171,2.64000
fitted,100,172,1.54000
fitted,100,173,2.34000
fitted,100,174,2.22000
fitted,100,175,0.70000
fitted,100,176,1.28000
fitted,100,177,2.66000
fitted,100,178,-0.24000
fitted,100,179,-3.84000
fitted,101,1,-1.38000
fitted,101,2,0.92000
fitted,101,3,2.68000
fitted,101,4,-0.62000
fitted,101,5,2.36000
fitted,101,6,2.10000
fitted,101,7,2.24000
fitted,101,8,2.58000
fitted,101,9,0.02000
fitted,101,10,-0.08000
fitted,101,11,2.46000
fitted,101,12,2.54000
fitted,101,13,-0.28000
fitted,101,14,1.96000
fitted,101,15,2.18000
fitted,101,16,2.20000
fitted,101,17,3.50000
fitted,101,18,1.10000
fitted,101,19,0.02000
fitted,101,20,2.00000
fitted,101,21,2.10000
fitted,101,22,-0.22000
fitted,101,23,1.32000
fitted,101,24,0.48000
fitted,101,25,1.24000
fitted,101,26,1.28000
fitted,101,27,-0.56000
fitted,101,28,-0.58000
fitted,101,29,-2.78000
fitted,101,30,-1.46000
fitted,101,31,0.64000
fitted,101,32,1.22000
fitted,101,33,1.48000
fitted,101,34,0.54000
fitted,101,35,2.88000
fitted,101,36,0.08000
fitted,101,37,2.44000
fitted,101,38,1.12000
fitted,101,39,2.12000
fitted,101,40,3.54000
fitted,101,41,2.32000
fitted,101,42,3.30000
fitted,101,43,2.30000
fitted,101,44,-0.48000
fitted,101,45,3.16000
fitted,101,46,2.56000
fitted,101,47,2.76000
fitted,101,48,2.58000
fitted,101,49,1.24000
fitted,101,50,2.50000
fitted,101,51,-0.88000
fitted,101,52,1.58000
fitted,101,53,1.04000
fitted,101,54,0.94000
fitted,101,55,0.82000
fitted,101,56,1.54000
fitted,101,57,1.08000
fitted,101,58,-0.04000
fitted,101,59,1.56000
fitted,101,60,1.86000
fitted,101,61,1.90000
fitted,101,62,1.56000
fitted,101,63,-0.04000
fitted,101,64,2.14000
fitted,101,65,-0.56000
fitted,101,66,1.10000
fitted,101,67,0.84000
fitted,101,68,1.72000
fitted,101,69,2.50000
fitted,101,70,1.78000
fitted,101,71,2.62000
fitted,101,72,2.38000
fitted,101,73,2.70000
fitted,101,74,3.20000
fitted,101,75,1.28000
fitted,101,76,-0.64000
fitted,101,77,1.60000
fitted,101,78,-1.58000
fitted,101,79,-0.16000
fitted,101,80,-0.82000
fitted,101,81,1.34000
fitted,101,82,-0.30000
fitted,101,83,2.84000
fitted,101,84,-0.08000
fitted,101,85,2.08000
fitted,101,86,1.24000
fitted,101,87,2.48000
fitted,101,88,0.44000
fitted,101,89,1.54000
fitted,101,90,0.60000
fitted,101,91,-0.70000
fitted,101,92,-0.22000
fitted,101,93,0.74000
fitted,101,94,1.80000
fitted,101,95,0.92000
fitted,101,96,-0.04000
fitted,101,97,1.26000
fitted,101,98,1.48000
fitted,101,99,0.62000
fitted,101,100,-0.42000
fitted,101,101,-0.72000
fitted,101,102,1.12000
fitted,101,103,0.10000
fitted,101,104,0.26000
fitted,101,105,-1.08000
fitted,101,106,-1.34000
fitted,101,107,-1.78000
fitted,101,108,-0.18000
fitted,101,109,-1.00000
fitted,101,110,0.78000
fitted,101,111,1.54000
fitted,101,112,-0.44000
fitted,101,113,-1.34000
fitted,101,114,-0.22000
fitted,101,115,-0.08000
fitted,101,116,0.08000
fitted,101,117,-0.12000
fitted,101,118,-0.48000
fitted,101,119,0.62000
fitted,101,120,0.58000
fitted,101,121,-0.92000
fitted,101,122,1.18000
fitted,101,123,1.34000
fitted,101,124,0.44000
fitted,101,125,2.30000
fitted,101,126,0.68000
fitted,101,127,0.78000
fitted,101,128,-0.60000
fitted,101,129,0.28000
fitted,101,130,2.20000
fitted,101,131,2.00000
fitted,101,132,1.38000
fitted,101,133,-0.50000
fitted,101,134,-1.46000
fitted,101,135,-0.20000
fitted,101,136,1.56000
fitted,101,137,1.08000
fitted,101,138,-0.62000
fitted,101,139,1.10000
fitted,101,140,0.24000
fitted,101,141,-1.82000
fitted,101,142,-0.82000
fitted,101,143,-0.58000
fitted,101,144,1.16000
fitted,101,145,0.62000
fitted,101,146,0.72000
fitted,101,147,1.52000
fitted,101,148,-1.28000
fitted,101,149,1.76000
fitted,101,150,1.76000
fitted,101,151,0.66000
fitted,101,152,-0.52000
fitted,101,153,-0.24000
fitted,101,154,-0.04000
fitted,101,155,2.08000
fitted,101,156,-0.86000
fitted,101,157,-0.68000
fitted,101,158,0.24000
fitted,101,159,-0.38000
fitted,101,160,0.32000
fitted,101,161,2.28000
fitted,101,162,1.60000
fitted,101,163,0.76000
fitted,101,164,0.76000
fitted,101,165,1.16000
fitted,101,166,0.06000
fitted,101,167,-0.54000
fitted,101,168,2.12000
fitted,101,169,-1.22000
fitted,101,170,-0.74000
fitted,101,171,-2.14000
fitted,101,172,-0.86000
fitted,101,173,-0.14000
fitted,101,174,-0.28000
fitted,101,175,-1.10000
fitted,101,176,-0.40000
fitted,101,177,0.32000
fitted,101,178,-0.44000
fitted,101,179,-1.28000
fitted,102,1,-1.00000
fitted,102,2,-3.86000
fitted,102,3,-0.44000
fitted,102,4,2.78000
fitted,102,5,1.44000
fitted,102,6,1.66000
fitted,102,7,-1.90000
fitted,102,8,2.26000
fitted,102,9,3.32000
fitted,102,10,2.64000
fitted,102,11,3.22000
fitted,102,12,0.30000
fitted,102,13,0.24000
fitted,102,14,-0.46000
fitted,102,15,3.26000
fitted,102,16,-1.72000
fitted,102,17,1.82000
fitted,102,18,3.68000
fitted,102,19,-2.22000
fitted,102,20,0.30000
fitted,102,21,-2.34000
fitted,102,22,2.82000
fitted,102,23,0.58000
fitted,102,24,1.54000
fitted,102,25,-1.62000
fitted,102,26,1.76000
fitted,102,27,2.38000
fitted,102,28,4.00000
fitted,102,29,2.88000
fitted,102,30,-1.66000
fitted,102,31,3.58000
fitted,102,32,-2.34000
fitted,102,33,1.74000
fitted,102,34,-1.76000
fitted,102,35,2.22000
fitted,102,36,1.60000
fitted,102,37,2.70000
fitted,102,38,2.40000
fitted,102,39,-1.78000
fitted,102,40,3.28000
fitted,102,41,-0.80000
fitted,102,42,-2.92000
fitted,102,43,-2.22000
fitted,102,44,1.20000
fitted,102,45,1.26000
fitted,102,46,2.72000
fitted,102,47,1.26000
fitted,102,48,-0.84000
fitted,102,49,2.50000
fitted,102,50,0.78000
fitted,102,51,-2.70000
fitted,102,52,1.72000
fitted,102,53,-2.04000
fitted,102,54,3.14000
fitted,102,55,2.44000
fitted,102,56,-4.44000
fitted,102,57,3.60000
fitted,102,58,2.88000
fitted,102,59,-0.92000
fitted,102,60,-0.70000
fitted,102,61,-1.92000
fitted,102,62,2.30000
fitted,102,63,-2.38000
fitted,102,64,1.86000
fitted,102,65,1.38000
fitted,102,66,2.40000
fitted,102,67,2.66000
fitted,102,68,-1.32000
fitted,102,69,-1.30000
fitted,102,70,-2.84000
fitted,102,71,-1.48000
fitted,102,72,1.60000
fitted,102,73,2.32000
fitted,102,74,1.26000
fitted,102,75,1.46000
fitted,102,76,2.90000
fitted,102,77,-1.94000
fitted,102,78,-2.88000
fitted,102,79,-1.48000
fitted,102,80,3.14000
fitted,102,81,-2.22000
fitted,102,82,-1.62000
fitted,102,83,-2.34000
fitted,102,84,2.30000
fitted,102,85,1.78000
fitted,102,86,2.58000
fitted,102,87,1.42000
fitted,102,88,0.74000
fitted,102,89,-1.04000
fitted,102,90,-2.66000
fitted,102,91,-2.74000
fitted,102,92,-0.94000
fitted,102,93,-3.58000
fitted,102,94,-2.68000
fitted,102,95,-0.18000
fitted,102,96,2.24000
fitted,102,97,-1.90000
fitted,102,98,-2.12000
fitted,102,99,2.98000
fitted,102,100,-1.60000
fitted,102,101,-1.20000
fitted,102,102,-2.50000
fitted,102,103,0.66000
fitted,102,104,2.04000
fitted,102,105,3.12000
fitted,102,106,1.72000
fitted,102,107,0.80000
fitted,102,108,3.50000
fitted,102,109,-1.58000
fitted,102,110,-1.98000
fitted,102,111,1.26000
fitted,102,112,-2.60000
fitted,102,113,0.90000
fitted,102,114,0.64000
fitted,102,115,-3.06000
fitted,102,116,1.04000
fitted,102,117,2.78000
fitted,102,118,-2.32000
fitted,102,119,-2.34000
fitted,102,120,-0.20000
fitted,102,121,-1.18000
fitted,102,122,-3.68000
fitted,102,123,2.28000
fitted,102,124,2.18000
fitted,102,125,-2.64000
fitted,102,126,1.68000
fitted,102,127,0.30000
fitted,102,128,-1.38000
fitted,102,129,-1.58000
fitted,102,130,-1.18000
fitted,102,131,-2.46000
fitted,102,132,-1.22000
fitted,102,133,-1.58000
fitted,102,134,2.70000
fitted,102,135,1.80000
fitted,102,136,1.36000
fitted,102,137,2.78000
fitted,102,138,1.16000
fitted,102,139,-0.36000
fitted,102,140,-1.16000
fitted,102,141,1.24000
fitted,102,142,3.54000
fitted,102,143,-0.36000
fitted,102,144,0.36000
fitted,102,145,2.68000
fitted,102,146,-1.94000
fitted,102,147,-1.34000
fitted,102,148,0.72000
fitted,102,149,-2.40000
fitted,102,150,0.42000
fitted,102,151,0.18000
fitted,102,152,-2.08000
fitted,102,153,-1.88000
fitted,102,154,-1.82000
fitted,102,155,2.62000
fitted,102,156,-0.04000
fitted,102,157,1.12000
fitted,102,158,-3.46000
fitted,102,159,0.82000
fitted,102,160,-1.54000
fitted,102,161,-2.26000
fitted,102,162,-1.28000
fitted,102,163,-1.00000
fitted,102,164,0.76000
fitted,102,165,-1.74000
fitted,102,166,-3.38000
fitted,102,167,-3.64000
fitted,102,168,1.30000
fitted,102,169,-2.80000
fitted,102,170,-3.58000
fitted,102,171,0.56000
fitted,102,172,-0.64000
fitted,102,173,-0.30000
fitted,102,174,-2.40000
fitted,102,175,-0.86000
fitted,102,176,-2.86000
fitted,102,177,0.16000
fitted,102,178,2.06000
fitted,102,179,-1.90000
fitted,103,1,-1.90000
fitted,103,2,-2.42000
fitted,103,3,3.56000
fitted,103,4,2.40000
fitted,103,5,0.06000
fitted,103,6,1.82000
fitted,103,7,3.76000
fitted,103,8,1.82000
fitted,103,9,2.30000
fitted,103,10,-2.06000
fitted,103,11,-0.56000
fitted,103,12,3.40000
fitted,103,13,2.10000
fitted,103,14,-0.42000
fitted,103,15,-2.38000
fitted,103,16,-2.80000
fitted,103,17,3.78000
fitted,103,18,2.94000
fitted,103,19,1.58000
fitted,103,20,1.92000
fitted,103,21,-0.30000
fitted,103,22,-0.92000
fitted,103,23,1.72000
fitted,103,24,1.02000
fitted,103,25,-1.02000
fitted,103,26,-1.06000
fitted,103,27,-1.98000
fitted,103,28,3.68000
fitted,103,29,2.12000
fitted,103,30,3.02000
fitted,103,31,0.94000
fitted,103,32,2.14000
fitted,103,33,-1.78000
fitted,103,34,2.84000
fitted,103,35,3.68000
fitted,103,36,0.42000
fitted,103,37,-0.62000
fitted,103,38,2.66000
fitted,103,39,4.10000
fitted,103,40,2.30000
fitted,103,41,-2.02000
fitted,103,42,-3.40000
fitted,103,43,1.92000
fitted,103,44,1.98000
fitted,103,45,1.16000
fitted,103,46,2.46000
fitted,103,47,1.90000
fitted,103,48,1.08000
fitted,103,49,-0.50000
fitted,103,50,-1.32000
fitted,103,51,2.28000
fitted,103,52,2.14000
fitted,103,53,3.18000
fitted,103,54,-3.42000
fitted,103,55,-1.28000
fitted,103,56,2.38000
fitted,103,57,2.72000
fitted,103,58,-1.18000
fitted,103,59,2.40000
fitted,103,60,4.00000
fitted,103,61,1.30000
fitted,103,62,-1.00000
fitted,103,63,-1.16000
fitted,103,64,3.64000
fitted,103,65,3.30000
fitted,103,66,3.78000
fitted,103,67,2.86000
fitted,103,68,1.86000
fitted,103,69,1.56000
fitted,103,70,1.28000
fitted,103,71,1.50000
fitted,103,72,-0.06000
fitted,103,73,1.70000
fitted,103,74,3.56000
fitted,103,75,2.16000
fitted,103,76,-1.24000
fitted,103,77,2.36000
fitted,103,78,0.46000
fitted,103,79,-4.00000
fitted,103,80,3.12000
fitted,103,81,1.98000
fitted,103,82,0.32000
fitted,103,83,-1.30000
fitted,103,84,0.38000
fitted,103,85,2.94000
fitted,103,86,1.62000
fitted,103,87,-2.82000
fitted,103,88,-1.02000
fitted,103,89,1.92000
fitted,103,90,2.46000
fitted,103,91,2.84000
fitted,103,92,1.70000
fitted,103,93,-1.18000
fitted,103,94,-2.58000
fitted,103,95,0.10000
fitted,103,96,-3.58000
fitted,103,97,2.54000
fitted,103,98,0.46000
fitted,103,99,-1.92000
fitted,103,100,-0.88000
fitted,103,101,3.58000
fitted,103,102,1.36000
fitted,103,103,-1.98000
fitted,103,104,-1.26000
fitted,103,105,1.92000
fitted,103,106,0.58000
fitted,103,107,1.14000
fitted,103,108,-1.36000
fitted,103,109,-0.78000
fitted,103,110,-2.52000
fitted,103,111,3.54000
fitted,103,112,-0.34000
fitted,103,113,3.64000
fitted,103,114,1.00000
fitted,103,115,-0.52000
fitted,103,116,2.00000
fitted,103,117,0.86000
fitted,103,118,2.68000
fitted,103,119,-0.36000
fitted,103,120,2.78000
fitted,103,121,2.66000
fitted,103,122,0.10000
fitted,103,123,1.18000
fitted,103,124,3.58000
fitted,103,125,0.02000
fitted,103,126,-2.54000
fitted,103,127,-0.62000
fitted,103,128,1.28000
fitted,103,129,3.62000
fitted,103,130,0.16000
fitted,103,131,-1.74000
fitted,103,132,-3.72000
fitted,103,133,-1.10000
fitted,103,134,0.76000
fitted,103,135,1.94000
fitted,103,136,-0.08000
fitted,103,137,-3.58000
fitted,103,138,-0.48000
fitted,103,139,1.06000
fitted,103,140,3.46000
fitted,103,141,2.74000
fitted,103,142,-3.06000
fitted,103,143,-0.88000
fitted,103,144,-0.78000
fitted,103,145,2.20000
fitted,103,146,-0.26000
fitted,103,147,-1.58000
fitted,103,148,-1.50000
fitted,103,149,-2.54000
fitted,103,150,0.90000
fitted,103,151,0.72000
fitted,103,152,-0.52000
fitted,103,153,-0.74000
fitted,103,154,0.76000
fitted,103,155,2.44000
fitted,103,156,-1.46000
fitted,103,157,0.04000
fitted,103,158,1.26000
fitted,103,159,-3.42000
fitted,103,160,-1.68000
fitted,103,161,-0.06000
fitted,103,162,-1.30000
fitted,103,163,0.48000
fitted,103,164,2.18000
fitted,103,165,-2.94000
fitted,103,166,0.50000
fitted,103,167,4.52000
fitted,103,168,0.88000
fitted,103,169,-2.72000
fitted,103,170,1.60000
fitted,103,171,3.10000
fitted,103,172,4.60000
fitted,103,173,0.70000
fitted,103,174,0.62000
fitted,103,175,-2.26000
fitted,103,176,0.10000
fitted,103,177,0.60000
fitted,103,178,2.40000
fitted,103,179,-0.62000
fitted,104,1,-1.60000
fitted,104,2,0.74000
fitted,104,3,0.84000
fitted,104,4,1.28000
fitted,104,5,0.78000
fitted,104,6,1.98000
fitted,104,7,1.16000
fitted,104,8,3.32000
fitted,104,9,3.32000
fitted,104,10,-0.20000
fitted,104,11,0.08000
fitted,104,12,-0.42000
fitted,104,13,2.04000
fitted,104,14,0.84000
fitted,104,15,-0.12000
fitted,104,16,0.90000
fitted,104,17,2.62000
fitted,104,18,2.94000
fitted,104,19,3.42000
fitted,104,20,-0.20000
fitted,104,21,0.68000
fitted,104,22,2.64000
fitted,104,23,-1.04000
fitted,104,24,0.22000
fitted,104,25,-0.16000
fitted,104,26,-2.04000
fitted,104,27,1.80000
fitted,104,28,1.12000
fitted,104,29,0.68000
fitted,104,30,0.40000
fitted,104,31,-0.12000
fitted,104,32,0.36000
fitted,104,33,2.58000
fitted,104,34,2.30000
fitted,104,35,3.54000
fitted,104,36,3.42000
fitted,104,37,0.90000
fitted,104,38,0.26000
fitted,104,39,3.60000
fitted,104,40,0.58000
fitted,104,41,2.30000
fitted,104,42,1.88000
fitted,104,43,-1.02000
fitted,104,44,4.08000
fitted,104,45,0.06000
fitted,104,46,-0.42000
fitted,104,47,-2.44000
fitted,104,48,1.56000
fitted,104,49,1.04000
fitted,104,50,2.56000
fitted,104,51,1.56000
fitted,104,52,2.88000
fitted,104,53,-1.24000
fitted,104,54,0.94000
fitted,104,55,-0.12000
fitted,104,56,1.52000
fitted,104,57,0.46000
fitted,104,58,-1.70000
fitted,104,59,2.74000
fitted,104,60,0.22000
fitted,104,61,2.20000
fitted,104,62,-0.60000
fitted,104,63,-0.58000
fitted,104,64,3.26000
fitted,104,65,-1.84000
fitted,104,66,0.58000
fitted,104,67,0.20000
fitted,104,68,2.88000
fitted,104,69,3.24000
fitted,104,70,0.92000
fitted,104,71,1.40000
fitted,104,72,1.12000
fitted,104,73,1.98000
fitted,104,74,0.84000
fitted,104,75,-1.68000
fitted,104,76,0.68000
fitted,104,77,0.32000
fitted,104,78,0.34000
fitted,104,79,0.64000
fitted,104,80,0.46000
fitted,104,81,3.64000
fitted,104,82,1.02000
fitted,104,83,1.06000
fitted,104,84,-3.00000
fitted,104,85,1.60000
fitted,104,86,2.08000
fitted,104,87,2.74000
fitted,104,88,2.66000
fitted,104,89,1.18000
fitted,104,90,0.38000
fitted,104,91,1.54000
fitted,104,92,0.70000
fitted,104,93,1.84000
fitted,104,94,2.42000
fitted,104,95,-0.32000
fitted,104,96,3.06000
fitted,104,97,-1.02000
fitted,104,98,0.10000
fitted,104,99,2.38000
fitted,104,100,0.94000
fitted,104,101,2.72000
fitted,104,102,0.62000
fitted,104,103,-1.48000
fitted,104,104,-1.44000
fitted,104,105,-0.08000
fitted,104,106,-1.42000
fitted,104,107,-2.78000
fitted,104,108,0.90000
fitted,104,109,1.24000
fitted,104,110,3.04000
fitted,104,111,2.26000
fitted,104,112,1.46000
fitted,104,113,-0.44000
fitted,104,114,1.00000
fitted,104,115,0.56000
fitted,104,116,2.76000
fitted,104,117,0.12000
fitted,104,118,-2.18000
fitted,104,119,1.76000
fitted,104,120,2.22000
fitted,104,121,2.36000
fitted,104,122,0.14000
fitted,104,123,-0.84000
fitted,104,124,0.72000
fitted,104,125,-1.30000
fitted,104,126,-1.40000
fitted,104,127,-0.72000
fitted,104,128,0.04000
fitted,104,129,-1.54000
fitted,104,130,-1.54000
fitted,104,131,-0.48000
fitted,104,132,0.74000
fitted,104,133,1.46000
fitted,104,134,-0.76000
fitted,104,135,-3.02000
fitted,104,136,-0.90000
fitted,104,137,-1.08000
fitted,104,138,-2.02000
fitted,104,139,-1.12000
fitted,104,140,-2.02000
fitted,104,141,-1.08000
fitted,104,142,-2.38000
fitted,104,143,0.10000
fitted,104,144,1.72000
fitted,104,145,1.78000
fitted,104,146,2.56000
fitted,104,147,-1.96000
fitted,104,148,1.06000
fitted,104,149,0.02000
fitted,104,150,-1.42000
fitted,104,151,-0.30000
fitted,104,152,-1.72000
fitted,104,153,-1.06000
fitted,104,154,-0.10000
fitted,104,155,1.82000
fitted,104,156,1.04000
fitted,104,157,2.30000
fitted,104,158,-0.04000
fitted,104,159,-2.36000
fitted,104,160,0.38000
fitted,104,161,-0.46000
fitted,104,162,-1.40000
fitted,104,163,0.08000
fitted,104,164,-0.96000
fitted,104,165,-1.44000
fitted,104,166,-0.56000
fitted,104,167,-2.24000
fitted,104,168,-1.44000
fitted,104,169,-1.40000
fitted,104,170,-1.78000
fitted,104,171,-2.06000
fitted,104,172,-0.26000
fitted,104,173,-1.24000
fitted,104,174,-2.42000
fitted,104,175,-1.16000
fitted,104,176,1.04000
fitted,104,177,-1.64000
fitted,104,178,-0.32000
fitted,104,179,-0.18000
fitted,105,1,-1.02000
fitted,105,2,0.16000
fitted,105,3,2.40000
fitted,105,4,1.44000
fitted,105,5,-0.40000
fitted,105,6,1.58000
fitted,105,7,1.52000
fitted,105,8,-0.54000
fitted,105,9,0.60000
fitted,105,10,0.98000
fitted,105,11,1.26000
fitted,105,12,0.02000
fitted,105,13,2.10000
fitted,105,14,2.34000
fitted,105,15,1.88000
fitted,105,16,-0.76000
fitted,105,17,0.80000
fitted,105,18,-0.30000
fitted,105,19,-1.02000
fitted,105,20,0.58000
fitted,105,21,0.90000
fitted,105,22,-0.50000
fitted,105,23,-0.20000
fitted,105,24,1.84000
fitted,105,25,0.60000
fitted,105,26,-0.08000
fitted,105,27,0.42000
fitted,105,28,0.04000
fitted,105,29,0.50000
fitted,105,30,0.20000
fitted,105,31,-0.12000
fitted,105,32,0.14000
fitted,105,33,2.18000
fitted,105,34,2.36000
fitted,105,35,1.98000
fitted,105,36,0.78000
fitted,105,37,-0.58000
fitted,105,38,0.64000
fitted,105,39,1.04000
fitted,105,40,0.84000
fitted,105,41,1.32000
fitted,105,42,1.26000
fitted,105,43,1.14000
fitted,105,44,1.54000
fitted,105,45,0.90000
fitted,105,46,1.66000
fitted,105,47,1.78000
fitted,105,48,2.24000
fitted,105,49,2.24000
fitted,105,50,2.56000
fitted,105,51,1.96000
fitted,105,52,1.14000
fitted,105,53,-0.80000
fitted,105,54,-0.66000
fitted,105,55,0.18000
fitted,105,56,0.14000
fitted,105,57,0.34000
fitted,105,58,0.04000
fitted,105,59,-0.32000
fitted,105,60,0.90000
fitted,105,61,0.16000
fitted,105,62,1.18000
fitted,105,63,-0.84000
fitted,105,64,-1.32000
fitted,105,65,-1.06000
fitted,105,66,0.48000
fitted,105,67,0.00000
fitted,105,68,-0.56000
fitted,105,69,0.04000
fitted,105,70,-0.06000
fitted,105,71,-0.06000
fitted,105,72,-1.00000
fitted,105,73,0.14000
fitted,105,74,-0.38000
fitted,105,75,0.90000
fitted,105,76,-0.98000
fitted,105,77,0.60000
fitted,105,78,1.16000
fitted,105,79,2.68000
fitted,105,80,1.78000
fitted,105,81,2.02000
fitted,105,82,1.20000
fitted,105,83,1.46000
fitted,105,84,2.60000
fitted,105,85,0.88000
fitted,105,86,2.04000
fitted,105,87,1.14000
fitted,105,88,1.70000
fitted,105,89,1.66000
fitted,105,90,-0.72000
fitted,105,91,0.60000
fitted,105,92,0.84000
fitted,105,93,-0.22000
fitted,105,94,0.90000
fitted,105,95,2.40000
fitted,105,96,2.14000
fitted,105,97,-0.48000
fitted,105,98,0.24000
fitted,105,99,1.36000
fitted,105,100,1.18000
fitted,105,101,0.42000
fitted,105,102,-1.12000
fitted,105,103,0.14000
fitted,105,104,0.52000
fitted,105,105,-0.32000
fitted,105,106,0.80000
fitted,105,107,-0.60000
fitted,105,108,-1.08000
fitted,105,109,-1.72000
fitted,105,110,-1.48000
fitted,105,111,-0.90000
fitted,105,112,-2.20000
fitted,105,113,-1.38000
fitted,105,114,-1.94000
fitted,105,115,-1.08000
fitted,105,116,-0.30000
fitted,105,117,-0.02000
fitted,105,118,-1.30000
fitted,105,119,-1.34000
fitted,105,120,-0.42000
fitted,105,121,0.00000
fitted,105,122,-1.08000
fitted,105,123,0.20000
fitted,105,124,0.70000
fitted,105,125,0.02000
fitted,105,126,-1.12000
fitted,105,127,-0.18000
fitted,105,128,0.14000
fitted,105,129,-1.98000
fitted,105,130,-1.84000
fitted,105,131,-2.72000
fitted,105,132,-2.04000
fitted,105,133,-2.38000
fitted,105,134,0.42000
fitted,105,135,0.22000
fitted,105,136,-0.26000
fitted,105,137,-0.24000
fitted,105,138,2.42000
fitted,105,139,0.20000
fitted,105,140,1.36000
fitted,105,141,-0.14000
fitted,105,142,1.74000
fitted,105,143,-1.12000
fitted,105,144,0.30000
fitted,105,145,0.72000
fitted,105,146,0.76000
fitted,105,147,-1.60000
fitted,105,148,-1.34000
fitted,105,149,-1.06000
fitted,105,150,1.52000
fitted,105,151,2.02000
fitted,105,152,0.54000
fitted,105,153,0.20000
fitted,105,154,-0.74000
fitted,105,155,1.44000
fitted,105,156,-1.18000
fitted,105,157,0.72000
fitted,105,158,0.46000
fitted,105,159,0.24000
fitted,105,160,-1.68000
fitted,105,161,-0.48000
fitted,105,162,-0.66000
fitted,105,163,1.98000
fitted,105,164,2.24000
fitted,105,165,1.00000
fitted,105,166,0.60000
fitted,105,167,0.36000
fitted,105,168,-1.44000
fitted,105,169,-0.84000
fitted,105,170,0.04000
fitted,105,171,-1.82000
fitted,105,172,1.06000
fitted,105,173,-0.30000
fitted,105,174,-1.56000
fitted,105,175,-2.30000
fitted,105,176,-1.86000
fitted,105,177,-2.26000
fitted,105,178,0.68000
fitted,105,179,1.30000
fitted,106,1,0.36000
fitted,106,2,-2.72000
fitted,106,3,-2.32000
fitted,106,4,-1.18000
fitted,106,5,-0.36000
fitted,106,6,-2.92000
fitted,106,7,0.74000
fitted,106,8,-0.16000
fitted,106,9,-3.12000
fitted,106,10,2.30000
fitted,106,11,2.68000
fitted,106,12,2.36000
fitted,106,13,2.18000
fitted,106,14,-2.74000
fitted,106,15,-2.08000
fitted,106,16,-1.04000
fitted,106,17,0.90000
fitted,106,18,1.12000
fitted,106,19,1.68000
fitted,106,20,-2.08000
fitted,106,21,2.78000
fitted,106,22,1.04000
fitted,106,23,-0.34000
fitted,106,24,2.08000
fitted,106,25,2.18000
fitted,106,26,1.80000
fitted,106,27,1.76000
fitted,106,28,1.48000
fitted,106,29,-2.62000
fitted,106,30,-0.80000
fitted,106,31,1.66000
fitted,106,32,2.06000
fitted,106,33,2.40000
fitted,106,34,0.28000
fitted,106,35,1.68000
fitted,106,36,-0.48000
fitted,106,37,-2.96000
fitted,106,38,2.12000
fitted,106,39,-2.20000
fitted,106,40,-0.86000
fitted,106,41,2.90000
fitted,106,42,3.00000
fitted,106,43,0.84000
fitted,106,44,2.10000
fitted,106,45,2.28000
fitted,106,46,-2.64000
fitted,106,47,-2.94000
fitted,106,48,-0.80000
fitted,106,49,2.46000
fitted,106,50,2.06000
fitted,106,51,1.48000
fitted,106,52,-1.70000
fitted,106,53,3.52000
fitted,106,54,1.74000
fitted,106,55,-0.02000
fitted,106,56,1.48000
fitted,106,57,1.38000
fitted,106,58,1.50000
fitted,106,59,1.42000
fitted,106,60,1.74000
fitted,106,61,0.20000
fitted,106,62,-1.62000
fitted,106,63,-1.36000
fitted,106,64,-1.38000
fitted,106,65,1.68000
fitted,106,66,0.74000
fitted,106,67,-0.48000
fitted,106,68,-2.38000
fitted,106,69,-2.06000
fitted,106,70,-1.74000
fitted,106,71,-1.06000
fitted,106,72,-0.42000
fitted,106,73,2.64000
fitted,106,74,2.50000
fitted,106,75,1.70000
fitted,106,76,0.92000
fitted,106,77,2.02000
fitted,106,78,-1.44000
fitted,106,79,0.62000
fitted,106,80,3.00000
fitted,106,81,2.74000
fitted,106,82,2.38000
fitted,106,83,2.50000
fitted,106,84,2.22000
fitted,106,85,-2.86000
fitted,106,86,0.02000
fitted,106,87,2.42000
fitted,106,88,2.92000
fitted,106,89,2.52000
fitted,106,90,1.92000
fitted,106,91,-1.86000
fitted,106,92,0.22000
fitted,106,93,-0.56000
fitted,106,94,2.08000
fitted,106,95,2.98000
fitted,106,96,2.46000
fitted,106,97,-0.74000
fitted,106,98,2.62000
fitted,106,99,2.14000
fitted,106,100,-2.58000
fitted,106,101,-1.60000
fitted,106,102,-3.76000
fitted,106,103,-1.22000
fitted,106,104,-3.88000
fitted,106,105,0.36000
fitted,106,106,1.10000
fitted,106,107,0.32000
fitted,106,108,2.62000
fitted,106,109,2.16000
fitted,106,110,-2.56000
fitted,106,111,-3.54000
fitted,106,112,-2.26000
fitted,106,113,-0.18000
fitted,106,114,-1.78000
fitted,106,115,0.52000
fitted,106,116,1.30000
fitted,106,117,-3.58000
fitted,106,118,-2.00000
fitted,106,119,-1.92000
fitted,106,120,-1.82000
fitted,106,121,0.74000
fitted,106,122,-1.30000
fitted,106,123,-3.64000
fitted,106,124,-1.86000
fitted,106,125,-0.76000
fitted,106,126,1.68000
fitted,106,127,0.84000
fitted,106,128,0.42000
fitted,106,129,2.00000
fitted,106,130,3.58000
fitted,106,131,-2.80000
fitted,106,132,-0.16000
fitted,106,133,2.86000
fitted,106,134,1.84000
fitted,106,135,-0.16000
fitted,106,136,2.18000
fitted,106,137,0.84000
fitted,106,138,1.70000
fitted,106,139,0.88000
fitted,106,140,2.52000
fitted,106,141,-2.30000
fitted,106,142,0.58000
fitted,106,143,-1.24000
fitted,106,144,-3.24000
fitted,106,145,-0.34000
fitted,106,146,0.20000
fitted,106,147,1.20000
fitted,106,148,3.24000
fitted,106,149,-2.50000
fitted,106,150,-1.64000
fitted,106,151,1.16000
fitted,106,152,-0.94000
fitted,106,153,-0.98000
fitted,106,154,-2.78000
fitted,106,155,3.08000
fitted,106,156,-0.78000
fitted,106,157,1.32000
fitted,106,158,0.82000
fitted,106,159,-1.06000
fitted,106,160,-1.82000
fitted,106,161,-2.20000
fitted,106,162,-2.58000
fitted,106,163,-2.90000
fitted,106,164,3.22000
fitted,106,165,0.42000
fitted,106,166,-0.82000
fitted,106,167,1.06000
fitted,106,168,3.42000
fitted,106,169,-1.90000
fitted,106,170,1.30000
fitted,106,171,1.14000
fitted,106,172,0.16000
fitted,106,173,-0.52000
fitted,106,174,-2.38000
fitted,106,175,0.44000
fitted,106,176,-0.48000
fitted,106,177,0.78000
fitted,106,178,3.50000
fitted,106,179,1.86000
fitted,107,1,-0.28000
fitted,107,2,1.18000
fitted,107,3,1.04000
fitted,107,4,2.98000
fitted,107,5,0.56000
fitted,107,6,0.82000
fitted,107,7,1.62000
fitted,107,8,0.82000
fitted,107,9,-0.80000
fitted,107,10,3.06000
fitted,107,11,-0.18000
fitted,107,12,0.54000
fitted,107,13,1.24000
fitted,107,14,0.92000
fitted,107,15,1.10000
fitted,107,16,-0.40000
fitted,107,17,-1.58000
fitted,107,18,-2.34000
fitted,107,19,2.44000
fitted,107,20,0.88000
fitted,107,21,0.94000
fitted,107,22,-1.70000
fitted,107,23,-0.04000
fitted,107,24,1.86000
fitted,107,25,-0.64000
fitted,107,26,2.80000
fitted,107,27,-0.08000
fitted,107,28,0.96000
fitted,107,29,-2.68000
fitted,107,30,0.16000
fitted,107,31,1.04000
fitted,107,32,0.30000
fitted,107,33,-0.58000
fitted,107,34,-0.22000
fitted,107,35,-1.06000
fitted,107,36,2.88000
fitted,107,37,2.48000
fitted,107,38,1.74000
fitted,107,39,0.84000
fitted,107,40,0.72000
fitted,107,41,0.66000
fitted,107,42,-2.70000
fitted,107,43,0.04000
fitted,107,44,-0.34000
fitted,107,45,-0.42000
fitted,107,46,-1.36000
fitted,107,47,-2.62000
fitted,107,48,2.58000
fitted,107,49,1.00000
fitted,107,50,1.20000
fitted,107,51,-1.76000
fitted,107,52,-0.20000
fitted,107,53,-0.54000
fitted,107,54,-1.26000
fitted,107,55,-1.40000
fitted,107,56,2.80000
fitted,107,57,2.74000
fitted,107,58,0.46000
fitted,107,59,1.62000
fitted,107,60,1.92000
fitted,107,61,2.94000
fitted,107,62,-2.14000
fitted,107,63,2.08000
fitted,107,64,1.02000
fitted,107,65,0.92000
fitted,107,66,-0.42000
fitted,107,67,3.40000
fitted,107,68,3.40000
fitted,107,69,0.02000
fitted,107,70,1.98000
fitted,107,71,-1.32000
fitted,107,72,0.32000
fitted,107,73,1.18000
fitted,107,74,1.14000
fitted,107,75,1.90000
fitted,107,76,0.50000
fitted,107,77,-2.20000
fitted,107,78,2.96000
fitted,107,79,0.40000
fitted,107,80,1.00000
fitted,107,81,1.58000
fitted,107,82,2.06000
fitted,107,83,1.12000
fitted,107,84,0.94000
fitted,107,85,1.02000
fitted,107,86,-0.66000
fitted,107,87,0.96000
fitted,107,88,1.18000
fitted,107,89,1.98000
fitted,107,90,2.44000
fitted,107,91,-2.40000
fitted,107,92,-0.18000
fitted,107,93,0.14000
fitted,107,94,0.44000
fitted,107,95,-1.06000
fitted,107,96,-2.24000
fitted,107,97,0.48000
fitted,107,98,0.00000
fitted,107,99,0.90000
fitted,107,100,0.68000
fitted,107,101,1.02000
fitted,107,102,1.44000
fitted,107,103,-2.66000
fitted,107,104,-1.82000
fitted,107,105,-0.24000
fitted,107,106,0.66000
fitted,107,107,-1.32000
fitted,107,108,-0.18000
fitted,107,109,0.26000
fitted,107,110,1.24000
fitted,107,111,1.04000
fitted,107,112,1.50000
fitted,107,113,-2.78000
fitted,107,114,-0.22000
fitted,107,115,-0.84000
fitted,107,116,-1.44000
fitted,107,117,-1.14000
fitted,107,118,-2.36000
fitted,107,119,2.66000
fitted,107,120,0.32000
fitted,107,121,-0.38000
fitted,107,122,1.04000
fitted,107,123,1.44000
fitted,107,124,-2.98000
fitted,107,125,-2.74000
fitted,107,126,-0.44000
fitted,107,127,-0.34000
fitted,107,128,-0.40000
fitted,107,129,-0.78000
fitted,107,130,-1.80000
fitted,107,131,0.68000
fitted,107,132,0.30000
fitted,107,133,0.48000
fitted,107,134,1.88000
fitted,107,135,1.98000
fitted,107,136,-2.48000
fitted,107,137,0.08000
fitted,107,138,-0.04000
fitted,107,139,-0.08000
fitted,107,140,-0.46000
fitted,107,141,-0.26000
fitted,107,142,-0.92000
fitted,107,143,2.44000
fitted,107,144,-1.30000
fitted,107,145,-0.52000
fitted,107,146,-0.52000
fitted,107,147,-3.00000
fitted,107,148,-0.60000
fitted,107,149,-1.24000
fitted,107,150,-1.60000
fitted,107,151,-1.86000
fitted,107,152,-2.22000
fitted,107,153,2.10000
fitted,107,154,-2.62000
fitted,107,155,-1.10000
fitted,107,156,1.36000
fitted,107,157,-1.26000
fitted,107,158,-0.74000
fitted,107,159,-0.42000
fitted,107,160,-1.50000
fitted,107,161,-0.94000
fitted,107,162,-0.90000
fitted,107,163,-1.68000
fitted,107,164,-1.36000
fitted,107,165,-0.54000
fitted,107,166,-0.10000
fitted,107,167,-0.58000
fitted,107,168,0.30000
fitted,107,169,-3.04000
fitted,107,170,-0.88000
fitted,107,171,-1.12000
fitted,107,172,0.00000
fitted,107,173,-0.50000
fitted,107,174,-1.98000
fitted,107,175,2.62000
fitted,107,176,2.72000
fitted,107,177,3.20000
fitted,107,178,0.68000
fitted,107,179,1.30000
fitted,108,1,-1.40000
fitted,108,2,-1.26000
fitted,108,3,-0.20000
fitted,108,4,-0.44000
fitted,108,5,0.54000
fitted,108,6,0.54000
fitted,108,7,1.90000
fitted,108,8,0.14000
fitted,108,9,-0.90000
fitted,108,10,-0.30000
fitted,108,11,-0.36000
fitted,108,12,0.90000
fitted,108,13,0.40000
fitted,108,14,-0.20000
fitted,108,15,1.96000
fitted,108,16,2.34000
fitted,108,17,1.42000
fitted,108,18,2.90000
fitted,108,19,1.78000
fitted,108,20,-0.26000
fitted,108,21,-0.56000
fitted,108,22,-0.14000
fitted,108,23,-0.22000
fitted,108,24,0.26000
fitted,108,25,1.80000
fitted,108,26,-2.36000
fitted,108,27,-0.76000
fitted,108,28,-1.00000
fitted,108,29,0.22000
fitted,108,30,0.48000
fitted,108,31,1.04000
fitted,108,32,1.00000
fitted,108,33,1.20000
fitted,108,34,2.94000
fitted,108,35,2.40000
fitted,108,36,0.92000
fitted,108,37,-0.38000
fitted,108,38,2.72000
fitted,108,39,1.00000
fitted,108,40,0.26000
fitted,108,41,2.14000
fitted,108,42,2.34000
fitted,108,43,1.02000
fitted,108,44,0.16000
fitted,108,45,-0.80000
fitted,108,46,2.94000
fitted,108,47,1.78000
fitted,108,48,1.92000
fitted,108,49,1.98000
fitted,108,50,1.98000
fitted,108,51,0.62000
fitted,108,52,-0.36000
fitted,108,53,0.54000
fitted,108,54,0.12000
fitted,108,55,1.16000
fitted,108,56,1.62000
fitted,108,57,0.16000
fitted,108,58,-0.56000
fitted,108,59,-1.86000
fitted,108,60,-1.24000
fitted,108,61,-1.98000
fitted,108,62,-0.26000
fitted,108,63,-0.60000
fitted,108,64,0.30000
fitted,108,65,-0.26000
fitted,108,66,0.16000
fitted,108,67,0.94000
fitted,108,68,-1.12000
fitted,108,69,-1.64000
fitted,108,70,-0.38000
fitted,108,71,0.92000
fitted,108,72,2.02000
fitted,108,73,0.34000
fitted,108,74,0.30000
fitted,108,75,-0.74000
fitted,108,76,-0.46000
fitted,108,77,1.02000
fitted,108,78,1.14000
fitted,108,79,2.36000
fitted,108,80,2.34000
fitted,108,81,1.04000
fitted,108,82,1.44000
fitted,108,83,-0.28000
fitted,108,84,-1.30000
fitted,108,85,1.24000
fitted,108,86,0.56000
fitted,108,87,1.78000
fitted,108,88,0.04000
fitted,108,89,-0.24000
fitted,108,90,-0.30000
fitted,108,91,-0.54000
fitted,108,92,1.80000
fitted,108,93,0.18000
fitted,108,94,0.06000
fitted,108,95,2.00000
fitted,108,96,0.96000
fitted,108,97,0.38000
fitted,108,98,2.24000
fitted,108,99,1.82000
fitted,108,100,0.06000
fitted,108,101,-0.58000
fitted,108,102,-0.66000
fitted,108,103,-0.02000
fitted,108,104,0.06000
fitted,108,105,0.46000
fitted,108,106,0.38000
fitted,108,107,-1.80000
fitted,108,108,-2.06000
fitted,108,109,-1.84000
fitted,108,110,0.24000
fitted,108,111,-1.14000
fitted,108,112,0.90000
fitted,108,113,1.58000
fitted,108,114,0.56000
fitted,108,115,-1.16000
fitted,108,116,-1.54000
fitted,108,117,-1.38000
fitted,108,118,0.12000
fitted,108,119,-0.42000
fitted,108,120,0.62000
fitted,108,121,-0.64000
fitted,108,122,1.80000
fitted,108,123,1.12000
fitted,108,124,0.66000
fitted,108,125,-0.56000
fitted,108,126,-1.34000
fitted,108,127,-1.10000
fitted,108,128,-1.64000
fitted,108,129,0.92000
fitted,108,130,2.54000
fitted,108,131,-0.30000
fitted,108,132,-1.12000
fitted,108,133,2.02000
fitted,108,134,1.12000
fitted,108,135,2.18000
fitted,108,136,-0.14000
fitted,108,137,-0.94000
fitted,108,138,-0.92000
fitted,108,139,1.28000
fitted,108,140,1.70000
fitted,108,141,0.44000
fitted,108,142,2.00000
fitted,108,143,2.92000
fitted,108,144,0.76000
fitted,108,145,-0.30000
fitted,108,146,-0.42000
fitted,108,147,-1.80000
fitted,108,148,0.92000
fitted,108,149,1.14000
fitted,108,150,1.18000
fitted,108,151,-0.66000
fitted,108,152,-1.20000
fitted,108,153,-1.34000
fitted,108,154,-1.94000
fitted,108,155,-1.18000
fitted,108,156,-0.36000
fitted,108,157,-0.60000
fitted,108,158,-0.70000
fitted,108,159,-1.04000
fitted,108,160,-2.50000
fitted,108,161,-1.42000
fitted,108,162,-2.72000
fitted,108,163,-2.48000
fitted,108,164,-1.48000
fitted,108,165,-1.94000
fitted,108,166,0.74000
fitted,108,167,1.18000
fitted,108,168,-3.04000
fitted,108,169,0.04000
fitted,108,170,-0.58000
fitted,108,171,-0.28000
fitted,108,172,1.10000
fitted,108,173,2.90000
fitted,108,174,-1.46000
fitted,108,175,-2.92000
fitted,108,176,-1.34000
fitted,108,177,1.02000
fitted,108,178,-1.30000
fitted,108,179,0.22000
fitted,109,1,4.14000
fitted,109,2,2.06000
fitted,109,3,2.10000
fitted,109,4,2.00000
fitted,109,5,2.74000
fitted,109,6,2.12000
fitted,109,7,-2.82000
fitted,109,8,1.48000
fitted,109,9,-0.22000
fitted,109,10,3.10000
fitted,109,11,-3.30000
fitted,109,12,2.00000
fitted,109,13,1.92000
fitted,109,14,2.48000
fitted,109,15,4.82000
fitted,109,16,2.26000
fitted,109,17,3.40000
fitted,109,18,1.76000
fitted,109,19,-2.76000
fitted,109,20,-0.32000
fitted,109,21,2.44000
fitted,109,22,-4.26000
fitted,109,23,2.44000
fitted,109,24,2.64000
fitted,109,25,3.92000
fitted,109,26,2.64000
fitted,109,27,3.52000
fitted,109,28,1.86000
fitted,109,29,2.26000
fitted,109,30,4.04000
fitted,109,31,1.38000
fitted,109,32,-2.84000
fitted,109,33,-0.48000
fitted,109,34,-2.30000
fitted,109,35,-1.02000
fitted,109,36,2.10000
fitted,109,37,-0.84000
fitted,109,38,-4.10000
fitted,109,39,2.24000
fitted,109,40,0.12000
fitted,109,41,1.60000
fitted,109,42,0.66000
fitted,109,43,1.64000
fitted,109,44,-1.28000
fitted,109,45,1.02000
fitted,109,46,1.56000
fitted,109,47,-2.44000
fitted,109,48,2.98000
fitted,109,49,-1.86000
fitted,109,50,-2.76000
fitted,109,51,1.14000
fitted,109,52,3.18000
fitted,109,53,-1.36000
fitted,109,54,2.74000
fitted,109,55,1.94000
fitted,109,56,2.72000
fitted,109,57,2.98000
fitted,109,58,-0.24000
fitted,109,59,1.70000
fitted,109,60,1.88000
fitted,109,61,1.80000
fitted,109,62,-2.50000
fitted,109,63,2.26000
fitted,109,64,-2.34000
fitted,109,65,0.28000
fitted,109,66,2.62000
fitted,109,67,-1.54000
fitted,109,68,2.56000
fitted,109,69,3.28000
fitted,109,70,2.68000
fitted,109,71,2.98000
fitted,109,72,2.12000
fitted,109,73,-0.02000
fitted,109,74,0.90000
fitted,109,75,0.88000
fitted,109,76,-0.68000
fitted,109,77,-2.54000
fitted,109,78,1.88000
fitted,109,79,-1.24000
fitted,109,80,1.98000
fitted,109,81,1.62000
fitted,109,82,2.96000
fitted,109,83,1.04000
fitted,109,84,-1.16000
fitted,109,85,3.44000
fitted,109,86,1.72000
fitted,109,87,1.70000
fitted,109,88,-2.30000
fitted,109,89,-2.78000
fitted,109,90,-2.48000
fitted,109,91,2.46000
fitted,109,92,0.54000
fitted,109,93,2.26000
fitted,109,94,3.12000
fitted,109,95,-3.20000
fitted,109,96,-1.72000
fitted,109,97,1.06000
fitted,109,98,1.28000
fitted,109,99,-1.92000
fitted,109,100,-2.68000
fitted,109,101,-1.68000
fitted,109,102,-0.26000
fitted,109,103,-1.82000
fitted,109,104,1.68000
fitted,109,105,3.72000
fitted,109,106,-0.80000
fitted,109,107,2.04000
fitted,109,108,0.32000
fitted,109,109,-3.20000
fitted,109,110,-0.84000
fitted,109,111,-2.32000
fitted,109,112,1.24000
fitted,109,113,1.50000
fitted,109,114,1.00000
fitted,109,115,2.18000
fitted,109,116,1.68000
fitted,109,117,-0.22000
fitted,109,118,3.18000
fitted,109,119,-0.64000
fitted,109,120,2.70000
fitted,109,121,2.36000
fitted,109,122,-2.00000
fitted,109,123,3.82000
fitted,109,124,1.06000
fitted,109,125,-3.32000
fitted,109,126,1.46000
fitted,109,127,-1.28000
fitted,109,128,2.62000
fitted,109,129,1.56000
fitted,109,130,3.82000
fitted,109,131,-1.20000
fitted,109,132,1.84000
fitted,109,133,2.86000
fitted,109,134,2.96000
fitted,109,135,2.10000
fitted,109,136,3.82000
fitted,109,137,-1.66000
fitted,109,138,0.78000
fitted,109,139,-0.76000
fitted,109,140,-2.44000
fitted,109,141,1.64000
fitted,109,142,0.48000
fitted,109,143,-4.14000
fitted,109,144,2.54000
fitted,109,145,-0.90000
fitted,109,146,2.54000
fitted,109,147,2.80000
fitted,109,148,-1.24000
fitted,109,149,4.16000
fitted,109,150,4.06000
fitted,109,151,-1.58000
fitted,109,152,1.04000
fitted,109,153,-0.32000
fitted,109,154,2.44000
fitted,109,155,2.24000
fitted,109,156,-0.14000
fitted,109,157,-3.94000
fitted,109,158,2.46000
fitted,109,159,4.18000
fitted,109,160,-2.20000
fitted,109,161,2.64000
fitted,109,162,-1.90000
fitted,109,163,0.50000
fitted,109,164,-1.00000
fitted,109,165,-0.44000
fitted,109,166,2.98000
fitted,109,167,1.00000
fitted,109,168,-1.32000
fitted,109,169,3.78000
fitted,109,170,-0.32000
fitted,109,171,1.96000
fitted,109,172,2.96000
fitted,109,173,1.32000
fitted,109,174,-0.88000
fitted,109,175,-1.08000
fitted,109,176,0.10000
fitted,109,177,-1.14000
fitted,109,178,-1.62000
fitted,109,179,-3.42000
control,100,1,-0.52000
control,100,2,1.44000
control,100,3,1.76000
control,100,4,-2.34000
control,100,5,0.14000
control,100,6,-0.52000
control,100,7,1.12000
control,100,8,0.34000
control,100,9,1.40000
control,100,10,2.94000
control,100,11,0.38000
control,100,12,0.30000
control,100,13,1.26000
control,100,14,-0.40000
control,100,15,1.26000
control,100,16,0.22000
control,100,17,-3.60000
control,100,18,1.76000
control,100,19,-0.62000
control,100,20,-3.18000
control,100,21,-2.98000
control,100,22,0.26000
control,100,23,-2.04000
control,100,24,2.46000
control,100,25,0.88000
control,100,26,-1.82000
control,100,27,-0.10000
control,100,28,-1.12000
control,100,29,1.92000
control,100,30,-2.00000
control,100,31,-0.66000
control,100,32,0.00000
control,100,33,0.30000
control,100,34,-2.18000
control,100,35,2.50000
control,100,36,0.02000
control,100,37,0.70000
control,100,38,-0.10000
control,100,39,-1.50000
control,100,40,2.00000
control,100,41,1.40000
control,100,42,-0.46000
control,100,43,-2.04000
control,100,44,0.54000
control,100,45,1.38000
control,100,46,2.82000
control,100,47,-0.10000
control,100,48,-1.50000
control,100,49,1.84000
control,100,50,0.12000
control,100,51,-1.40000
control,100,52,-1.24000
control,100,53,2.00000
control,100,54,-1.26000
control,100,55,0.56000
control,100,56,0.54000
control,100,57,0.06000
control,100,58,-1.54000
control,100,59,0.06000
control,100,60,1.40000
control,100,61,-1.34000
control,100,62,-1.40000
control,100,63,1.98000
control,100,64,-0.90000
control,100,65,-0.50000
control,100,66,1.08000
control,100,67,0.70000
control,100,68,2.64000
control,100,69,-0.20000
control,100,70,-2.00000
control,100,71,2.40000
control,100,72,1.22000
control,100,73,-0.38000
control,100,74,-0.56000
control,100,75,-3.90000
control,100,76,-3.42000
control,100,77,1.76000
control,100,78,0.66000
control,100,79,-1.84000
control,100,80,-1.26000
control,100,81,0.38000
control,100,82,-1.34000
control,100,83,1.86000
control,100,84,-0.88000
control,100,85,1.62000
control,100,86,-2.38000
control,100,87,-1.24000
control,100,88,0.28000
control,100,89,1.80000
control,100,90,-0.20000
control,100,91,0.24000
control,100,92,-2.90000
control,100,93,2.46000
control,100,94,-1.94000
control,100,95,0.98000
control,100,96,1.44000
control,100,97,-0.70000
control,100,98,1.64000
control,100,99,0.78000
control,100,100,1.44000
control,100,101,2.66000
control,100,102,-0.68000
control,100,103,0.82000
control,100,104,0.84000
control,100,105,-1.94000
control,100,106,-0.12000
control,100,107,-4.22000
control,100,108,-3.26000
control,100,109,-0.62000
control,100,110,0.94000
control,100,111,2.48000
control,100,112,-0.42000
control,100,113,1.50000
control,100,114,-1.22000
control,100,115,-1.06000
control,100,116,0.10000
control,100,117,-0.72000
control,100,118,-0.40000
control,100,119,1.48000
control,100,120,0.42000
control,100,121,-0.76000
control,100,122,-0.80000
control,100,123,-3.10000
control,100,124,0.96000
control,100,125,-2.96000
control,100,126,2.20000
control,100,127,1.06000
control,100,128,-0.20000
control,100,129,-0.64000
control,100,130,-1.36000
control,100,131,1.88000
control,100,132,1.80000
control,100,133,0.70000
control,100,134,-0.96000
control,100,135,0.58000
control,100,136,-0.06000
control,100,137,-1.98000
control,100,138,2.30000
control,100,139,-1.56000
control,100,140,-0.34000
control,100,141,-0.48000
control,100,142,0.72000
control,100,143,-0.60000
control,100,144,2.70000
control,100,145,1.74000
control,100,146,-1.22000
control,100,147,-1.20000
control,100,148,-0.42000
control,100,149,0.84000
control,100,150,1.38000
control,100,151,2.56000
control,100,152,-2.76000
control,100,153,3.38000
control,100,154,-1.16000
control,100,155,1.84000
control,100,156,-0.22000
control,100,157,2.08000
control,100,158,0.66000
control,100,159,-1.14000
control,100,160,-1.34000
control,100,161,0.78000
control,100,162,2.60000
control,100,163,3.28000
control,100,164,-1.50000
control,100,165,0.68000
control,100,166,0.78000
control,100,167,-0.50000
control,100,168,1.68000
control,100,169,0.72000
control,100,170,-0.28000
control,100,171,-0.10000
control,100,172,0.62000
control,100,173,2.06000
control,100,174,1.40000
control,100,175,0.84000
control,100,176,1.36000
control,100,177,2.66000
control,100,178,0.28000
control,100,179,-3.62000
control,101,1,-1.52000
control,101,2,-0.10000
control,101,3,1.84000
control,101,4,-1.90000
control,101,5,1.10000
control,101,6,-1.22000
control,101,7,0.64000
control,101,8,0.36000
control,101,9,-1.00000
control,101,10,-0.28000
control,101,11,1.72000
control,101,12,2.10000
control,101,13,-1.32000
control,101,14,1.90000
control,101,15,0.64000
control,101,16,3.28000
control,101,17,0.20000
control,101,18,-0.42000
control,101,19,-3.36000
control,101,20,-1.92000
control,101,21,-0.22000
control,101,22,0.10000
control,101,23,-2.12000
control,101,24,-0.90000
control,101,25,0.88000
control,101,26,-0.80000
control,101,27,1.16000
control,101,28,0.54000
control,101,29,1.54000
control,101,30,-1.38000
control,101,31,0.58000
control,101,32,-0.78000
control,101,33,-0.96000
control,101,34,0.86000
control,101,35,-1.60000
control,101,36,0.52000
control,101,37,0.04000
control,101,38,1.42000
control,101,39,0.84000
control,101,40,0.94000
control,101,41,0.48000
control,101,42,-1.06000
control,101,43,0.26000
control,101,44,0.06000
control,101,45,-0.54000
control,101,46,-2.32000
control,101,47,-0.46000
control,101,48,-0.82000
control,101,49,0.82000
control,101,50,0.72000
control,101,51,-1.22000
control,101,52,0.86000
control,101,53,-1.30000
control,101,54,-0.42000
control,101,55,-0.34000
control,101,56,0.88000
control,101,57,-0.44000
control,101,58,-1.44000
control,101,59,-0.04000
control,101,60,1.24000
control,101,61,1.38000
control,101,62,0.20000
control,101,63,-1.46000
control,101,64,0.86000
control,101,65,-1.90000
control,101,66,-1.98000
control,101,67,0.00000
control,101,68,0.90000
control,101,69,-0.10000
control,101,70,0.40000
control,101,71,1.86000
control,101,72,0.76000
control,101,73,1.56000
control,101,74,1.60000
control,101,75,0.20000
control,101,76,-1.32000
control,101,77,0.90000
control,101,78,-2.02000
control,101,79,-0.36000
control,101,80,-1.02000
control,101,81,1.44000
control,101,82,-0.74000
control,101,83,3.02000
control,101,84,-0.90000
control,101,85,1.88000
control,101,86,0.02000
control,101,87,-1.16000
control,101,88,0.60000
control,101,89,-1.86000
control,101,90,-0.24000
control,101,91,-1.14000
control,101,92,-1.76000
control,101,93,0.26000
control,101,94,1.14000
control,101,95,0.44000
control,101,96,-0.36000
control,101,97,1.16000
control,101,98,1.66000
control,101,99,-0.20000
control,101,100,-1.36000
control,101,101,-1.28000
control,101,102,0.82000
control,101,103,-0.90000
control,101,104,0.22000
control,101,105,-0.78000
control,101,106,-1.16000
control,101,107,-1.46000
control,101,108,0.66000
control,101,109,-0.58000
control,101,110,1.22000
control,101,111,2.00000
control,101,112,0.12000
control,101,113,-1.24000
control,101,114,-1.12000
control,101,115,-0.26000
control,101,116,-0.38000
control,101,117,-1.36000
control,101,118,-1.56000
control,101,119,0.48000
control,101,120,-0.18000
control,101,121,-1.40000
control,101,122,0.68000
control,101,123,-0.16000
control,101,124,-0.96000
control,101,125,0.34000
control,101,126,-0.92000
control,101,127,0.58000
control,101,128,-0.96000
control,101,129,-0.66000
control,101,130,1.50000
control,101,131,0.74000
control,101,132,0.46000
control,101,133,-1.06000
control,101,134,-1.46000
control,101,135,-0.36000
control,101,136,1.86000
control,101,137,1.22000
control,101,138,0.58000
control,101,139,-0.50000
control,101,140,-1.42000
control,101,141,-0.98000
control,101,142,-0.24000
control,101,143,2.38000
control,101,144,-0.74000
control,101,145,-0.36000
control,101,146,1.34000
control,101,147,0.78000
control,101,148,0.72000
control,101,149,-0.28000
control,101,150,-1.18000
control,101,151,0.46000
control,101,152,-0.24000
control,101,153,-1.18000
control,101,154,-0.48000
control,101,155,2.12000
control,101,156,-1.22000
control,101,157,-0.98000
control,101,158,-0.68000
control,101,159,-1.18000
control,101,160,-0.60000
control,101,161,0.74000
control,101,162,0.22000
control,101,163,1.78000
control,101,164,-0.42000
control,101,165,-0.90000
control,101,166,-1.36000
control,101,167,0.50000
control,101,168,-0.46000
control,101,169,0.04000
control,101,170,-1.12000
control,101,171,-0.84000
control,101,172,1.20000
control,101,173,0.60000
control,101,174,0.80000
control,101,175,-0.62000
control,101,176,-0.70000
control,101,177,0.96000
control,101,178,0.24000
control,101,179,-0.62000
control,102,1,-1.30000
control,102,2,-4.02000
control,102,3,-1.96000
control,102,4,2.06000
control,102,5,0.92000
control,102,6,0.98000
control,102,7,-2.80000
control,102,8,1.38000
control,102,9,3.14000
control,102,10,0.98000
control,102,11,1.82000
control,102,12,-1.02000
control,102,13,-1.42000
control,102,14,-3.76000
control,102,15,2.28000
control,102,16,-2.90000
control,102,17,1.36000
control,102,18,3.66000
control,102,19,-2.14000
control,102,20,-0.74000
control,102,21,-4.14000
control,102,22,-1.98000
control,102,23,1.86000
control,102,24,4.42000
control,102,25,-2.46000
control,102,26,1.30000
control,102,27,1.86000
control,102,28,4.60000
control,102,29,1.08000
control,102,30,-2.18000
control,102,31,3.28000
control,102,32,-4.08000
control,102,33,1.08000
control,102,34,-2.18000
control,102,35,-1.68000
control,102,36,1.32000
control,102,37,1.48000
control,102,38,1.58000
control,102,39,-2.14000
control,102,40,2.72000
control,102,41,-1.44000
control,102,42,-3.96000
control,102,43,-2.10000
control,102,44,0.90000
control,102,45,1.32000
control,102,46,2.76000
control,102,47,1.92000
control,102,48,-1.24000
control,102,49,2.76000
control,102,50,0.68000
control,102,51,-3.76000
control,102,52,1.20000
control,102,53,-1.28000
control,102,54,4.36000
control,102,55,0.94000
control,102,56,-3.16000
control,102,57,2.90000
control,102,58,1.18000
control,102,59,-1.74000
control,102,60,-1.26000
control,102,61,-2.38000
control,102,62,1.20000
control,102,63,-2.76000
control,102,64,-1.52000
control,102,65,1.46000
control,102,66,1.32000
control,102,67,1.58000
control,102,68,-1.94000
control,102,69,-1.78000
control,102,70,-3.68000
control,102,71,-1.78000
control,102,72,1.82000
control,102,73,4.66000
control,102,74,1.46000
control,102,75,1.60000
control,102,76,3.46000
control,102,77,-1.82000
control,102,78,-3.04000
control,102,79,-0.68000
control,102,80,2.96000
control,102,81,-1.58000
control,102,82,-1.44000
control,102,83,-2.46000
control,102,84,1.94000
control,102,85,1.68000
control,102,86,3.34000
control,102,87,1.50000
control,102,88,1.06000
control,102,89,-1.04000
control,102,90,-2.20000
control,102,91,-2.66000
control,102,92,-0.82000
control,102,93,-3.64000
control,102,94,-0.54000
control,102,95,0.58000
control,102,96,2.46000
control,102,97,1.40000
control,102,98,-1.96000
control,102,99,2.94000
control,102,100,0.50000
control,102,101,-1.42000
control,102,102,-2.18000
control,102,103,-0.58000
control,102,104,1.54000
control,102,105,3.20000
control,102,106,1.60000
control,102,107,0.92000
control,102,108,3.64000
control,102,109,-1.08000
control,102,110,-0.44000
control,102,111,2.58000
control,102,112,-1.42000
control,102,113,1.50000
control,102,114,3.12000
control,102,115,-2.92000
control,102,116,0.90000
control,102,117,2.98000
control,102,118,-2.28000
control,102,119,-2.50000
control,102,120,0.46000
control,102,121,-1.42000
control,102,122,-3.70000
control,102,123,2.02000
control,102,124,1.48000
control,102,125,-2.52000
control,102,126,1.48000
control,102,127,0.80000
control,102,128,-1.28000
control,102,129,-2.58000
control,102,130,-1.12000
control,102,131,-0.88000
control,102,132,0.72000
control,102,133,2.30000
control,102,134,-1.74000
control,102,135,1.42000
control,102,136,2.84000
control,102,137,0.98000
control,102,138,0.82000
control,102,139,-1.98000
control,102,140,-1.36000
control,102,141,-2.00000
control,102,142,2.68000
control,102,143,-4.00000
control,102,144,2.02000
control,102,145,1.26000
control,102,146,-3.12000
control,102,147,1.50000
control,102,148,0.86000
control,102,149,3.04000
control,102,150,-2.08000
control,102,151,-1.72000
control,102,152,1.04000
control,102,153,-1.32000
control,102,154,1.84000
control,102,155,1.36000
control,102,156,2.24000
control,102,157,0.96000
control,102,158,1.58000
control,102,159,0.90000
control,102,160,3.00000
control,102,161,-1.52000
control,102,162,-1.44000
control,102,163,-0.72000
control,102,164,1.98000
control,102,165,-0.96000
control,102,166,-3.16000
control,102,167,-4.74000
control,102,168,2.12000
control,102,169,-0.92000
control,102,170,-2.60000
control,102,171,1.28000
control,102,172,0.40000
control,102,173,4.14000
control,102,174,-2.08000
control,102,175,-0.76000
control,102,176,0.34000
control,102,177,0.88000
control,102,178,2.22000
control,102,179,-1.46000
control,103,1,-2.14000
control,103,2,-2.60000
control,103,3,3.12000
control,103,4,2.24000
control,103,5,-0.64000
control,103,6,-2.96000
control,103,7,3.28000
control,103,8,1.54000
control,103,9,2.36000
control,103,10,-1.94000
control,103,11,-0.36000
control,103,12,2.82000
control,103,13,2.76000
control,103,14,-1.36000
control,103,15,-0.94000
control,103,16,2.52000
control,103,17,3.90000
control,103,18,2.72000
control,103,19,0.34000
control,103,20,3.12000
control,103,21,2.06000
control,103,22,3.30000
control,103,23,-2.94000
control,103,24,0.36000
control,103,25,-0.80000
control,103,26,-1.10000
control,103,27,-2.28000
control,103,28,-1.72000
control,103,29,1.60000
control,103,30,3.56000
control,103,31,-0.82000
control,103,32,-0.54000
control,103,33,2.86000
control,103,34,1.14000
control,103,35,3.06000
control,103,36,-0.64000
control,103,37,-2.30000
control,103,38,1.50000
control,103,39,-1.78000
control,103,40,1.72000
control,103,41,0.50000
control,103,42,-1.54000
control,103,43,2.02000
control,103,44,2.02000
control,103,45,-0.86000
control,103,46,0.84000
control,103,47,-0.50000
control,103,48,0.88000
control,103,49,0.82000
control,103,50,-0.22000
control,103,51,-2.14000
control,103,52,1.58000
control,103,53,-0.54000
control,103,54,-1.58000
control,103,55,-2.30000
control,103,56,-3.86000
control,103,57,3.74000
control,103,58,2.00000
control,103,59,1.60000
control,103,60,-1.54000
control,103,61,-1.06000
control,103,62,1.46000
control,103,63,-0.60000
control,103,64,-1.04000
control,103,65,-0.06000
control,103,66,3.56000
control,103,67,1.80000
control,103,68,-2.86000
control,103,69,3.32000
control,103,70,0.82000
control,103,71,0.48000
control,103,72,1.32000
control,103,73,-3.56000
control,103,74,-1.84000
control,103,75,0.16000
control,103,76,0.08000
control,103,77,1.62000
control,103,78,-0.52000
control,103,79,-0.56000
control,103,80,-1.88000
control,103,81,-3.46000
control,103,82,2.78000
control,103,83,-1.44000
control,103,84,0.66000
control,103,85,-1.98000
control,103,86,-2.08000
control,103,87,-0.08000
control,103,88,-1.12000
control,103,89,1.12000
control,103,90,4.22000
control,103,91,-3.04000
control,103,92,1.06000
control,103,93,1.74000
control,103,94,0.28000
control,103,95,-1.86000
control,103,96,1.96000
control,103,97,-1.62000
control,103,98,-2.48000
control,103,99,-0.28000
control,103,100,0.68000
control,103,101,-0.14000
control,103,102,-0.50000
control,103,103,2.90000
control,103,104,1.56000
control,103,105,1.26000
control,103,106,0.40000
control,103,107,0.64000
control,103,108,-1.42000
control,103,109,-1.18000
control,103,110,-3.66000
control,103,111,2.94000
control,103,112,0.62000
control,103,113,0.18000
control,103,114,-1.04000
control,103,115,3.22000
control,103,116,-1.56000
control,103,117,-0.42000
control,103,118,0.06000
control,103,119,-0.12000
control,103,120,-3.48000
control,103,121,-0.90000
control,103,122,3.08000
control,103,123,-1.38000
control,103,124,0.22000
control,103,125,-1.92000
control,103,126,0.16000
control,103,127,2.80000
control,103,128,-2.70000
control,103,129,0.44000
control,103,130,-0.90000
control,103,131,0.02000
control,103,132,2.16000
control,103,133,0.02000
control,103,134,-0.48000
control,103,135,-2.64000
control,103,136,-1.22000
control,103,137,0.74000
control,103,138,0.06000
control,103,139,-2.56000
control,103,140,-0.92000
control,103,141,-0.46000
control,103,142,1.22000
control,103,143,2.88000
control,103,144,-0.64000
control,103,145,1.00000
control,103,146,3.78000
control,103,147,-0.66000
control,103,148,-1.16000
control,103,149,-1.88000
control,103,150,0.98000
control,103,151,0.16000
control,103,152,-0.34000
control,103,153,-0.20000
control,103,154,1.10000
control,103,155,0.92000
control,103,156,-2.84000
control,103,157,-1.42000
control,103,158,-0.36000
control,103,159,2.44000
control,103,160,0.16000
control,103,161,-2.12000
control,103,162,-1.12000
control,103,163,-0.18000
control,103,164,2.20000
control,103,165,3.82000
control,103,166,-3.50000
control,103,167,-0.46000
control,103,168,0.20000
control,103,169,1.10000
control,103,170,-1.96000
control,103,171,-1.26000
control,103,172,0.12000
control,103,173,0.56000
control,103,174,-0.14000
control,103,175,-2.50000
control,103,176,-1.06000
control,103,177,0.98000
control,103,178,3.70000
control,103,179,-3.76000
control,104,1,-0.32000
control,104,2,0.98000
control,104,3,0.64000
control,104,4,0.32000
control,104,5,-1.06000
control,104,6,0.54000
control,104,7,0.12000
control,104,8,-0.02000
control,104,9,0.30000
control,104,10,-1.36000
control,104,11,-0.90000
control,104,12,-1.22000
control,104,13,1.06000
control,104,14,-0.08000
control,104,15,-0.96000
control,104,16,0.06000
control,104,17,-0.12000
control,104,18,0.64000
control,104,19,-1.72000
control,104,20,-0.84000
control,104,21,-0.30000
control,104,22,2.46000
control,104,23,-1.08000
control,104,24,-0.06000
control,104,25,-1.00000
control,104,26,-2.40000
control,104,27,0.64000
control,104,28,0.08000
control,104,29,-0.16000
control,104,30,-1.18000
control,104,31,-0.84000
control,104,32,-0.86000
control,104,33,-2.62000
control,104,34,0.74000
control,104,35,0.18000
control,104,36,-0.02000
control,104,37,-0.92000
control,104,38,-0.20000
control,104,39,-2.74000
control,104,40,0.74000
control,104,41,-0.06000
control,104,42,1.60000
control,104,43,1.94000
control,104,44,-1.00000
control,104,45,-0.74000
control,104,46,-1.06000
control,104,47,-2.50000
control,104,48,0.92000
control,104,49,0.28000
control,104,50,2.02000
control,104,51,-0.08000
control,104,52,2.68000
control,104,53,-1.64000
control,104,54,-0.30000
control,104,55,-0.90000
control,104,56,0.68000
control,104,57,0.16000
control,104,58,-1.90000
control,104,59,0.50000
control,104,60,0.64000
control,104,61,-0.24000
control,104,62,-0.84000
control,104,63,-0.72000
control,104,64,2.44000
control,104,65,-1.92000
control,104,66,-0.26000
control,104,67,-0.82000
control,104,68,-2.70000
control,104,69,1.62000
control,104,70,-0.50000
control,104,71,-0.88000
control,104,72,-0.46000
control,104,73,0.22000
control,104,74,0.34000
control,104,75,-1.46000
control,104,76,-0.18000
control,104,77,-0.88000
control,104,78,-0.26000
control,104,79,-0.04000
control,104,80,-0.64000
control,104,81,3.40000
control,104,82,-0.82000
control,104,83,-0.54000
control,104,84,-3.34000
control,104,85,0.62000
control,104,86,1.20000
control,104,87,2.12000
control,104,88,2.76000
control,104,89,-0.44000
control,104,90,-0.46000
control,104,91,0.40000
control,104,92,-1.34000
control,104,93,1.94000
control,104,94,1.20000
control,104,95,-0.70000
control,104,96,-0.68000
control,104,97,-0.50000
control,104,98,0.62000
control,104,99,2.92000
control,104,100,1.50000
control,104,101,2.80000
control,104,102,-0.04000
control,104,103,-1.12000
control,104,104,1.10000
control,104,105,1.00000
control,104,106,-0.82000
control,104,107,-0.44000
control,104,108,-2.82000
control,104,109,0.60000
control,104,110,2.74000
control,104,111,2.06000
control,104,112,0.44000
control,104,113,-1.22000
control,104,114,0.42000
control,104,115,0.02000
control,104,116,-0.04000
control,104,117,-0.24000
control,104,118,-2.72000
control,104,119,0.56000
control,104,120,1.92000
control,104,121,1.82000
control,104,122,-1.00000
control,104,123,-1.08000
control,104,124,0.66000
control,104,125,-1.22000
control,104,126,-0.18000
control,104,127,-0.54000
control,104,128,0.96000
control,104,129,-0.56000
control,104,130,-0.66000
control,104,131,0.12000
control,104,132,2.16000
control,104,133,2.36000
control,104,134,0.34000
control,104,135,-3.06000
control,104,136,0.68000
control,104,137,-1.26000
control,104,138,0.24000
control,104,139,1.60000
control,104,140,-0.72000
control,104,141,-0.38000
control,104,142,-2.46000
control,104,143,0.52000
control,104,144,1.98000
control,104,145,1.62000
control,104,146,2.34000
control,104,147,-1.76000
control,104,148,0.56000
control,104,149,0.10000
control,104,150,-1.22000
control,104,151,0.06000
control,104,152,-0.96000
control,104,153,0.10000
control,104,154,0.56000
control,104,155,2.14000
control,104,156,1.60000
control,104,157,2.44000
control,104,158,-0.42000
control,104,159,-2.66000
control,104,160,0.14000
control,104,161,-0.40000
control,104,162,-0.76000
control,104,163,0.54000
control,104,164,-0.76000
control,104,165,-0.46000
control,104,166,-0.48000
control,104,167,-1.94000
control,104,168,-0.66000
control,104,169,-0.94000
control,104,170,-0.60000
control,104,171,-0.48000
control,104,172,-0.24000
control,104,173,-0.12000
control,104,174,-2.06000
control,104,175,0.66000
control,104,176,1.80000
control,104,177,-0.16000
control,104,178,0.20000
control,104,179,0.16000
control,105,1,-1.12000
control,105,2,-0.48000
control,105,3,1.58000
control,105,4,-0.22000
control,105,5,-1.44000
control,105,6,-0.10000
control,105,7,-0.12000
control,105,8,-1.68000
control,105,9,0.42000
control,105,10,0.04000
control,105,11,0.24000
control,105,12,-0.34000
control,105,13,1.62000
control,105,14,1.90000
control,105,15,0.88000
control,105,16,-1.50000
control,105,17,-0.24000
control,105,18,-1.16000
control,105,19,-1.68000
control,105,20,0.02000
control,105,21,0.28000
control,105,22,-1.04000
control,105,23,-0.36000
control,105,24,-0.52000
control,105,25,-0.46000
control,105,26,0.00000
control,105,27,-1.30000
control,105,28,-0.60000
control,105,29,0.00000
control,105,30,-1.66000
control,105,31,-0.06000
control,105,32,0.30000
control,105,33,0.08000
control,105,34,-1.26000
control,105,35,-0.42000
control,105,36,0.50000
control,105,37,1.50000
control,105,38,-0.40000
control,105,39,0.02000
control,105,40,-1.14000
control,105,41,-0.04000
control,105,42,-0.14000
control,105,43,0.36000
control,105,44,-1.06000
control,105,45,1.58000
control,105,46,1.64000
control,105,47,-1.26000
control,105,48,-0.98000
control,105,49,0.00000
control,105,50,-0.34000
control,105,51,-1.76000
control,105,52,0.32000
control,105,53,0.16000
control,105,54,-0.54000
control,105,55,-0.36000
control,105,56,-0.58000
control,105,57,0.66000
control,105,58,-0.28000
control,105,59,-0.12000
control,105,60,-1.36000
control,105,61,-0.58000
control,105,62,-1.56000
control,105,63,0.38000
control,105,64,0.54000
control,105,65,0.08000
control,105,66,0.28000
control,105,67,-0.30000
control,105,68,0.92000
control,105,69,-0.46000
control,105,70,-1.28000
control,105,71,-0.76000
control,105,72,-1.26000
control,105,73,-2.40000
control,105,74,0.02000
control,105,75,-0.78000
control,105,76,-0.38000
control,105,77,1.86000
control,105,78,1.18000
control,105,79,0.00000
control,105,80,-0.58000
control,105,81,-1.38000
control,105,82,-2.86000
control,105,83,0.06000
control,105,84,-0.72000
control,105,85,-0.48000
control,105,86,0.62000
control,105,87,-1.40000
control,105,88,0.20000
control,105,89,0.24000
control,105,90,0.00000
control,105,91,0.24000
control,105,92,-0.30000
control,105,93,1.34000
control,105,94,-0.52000
control,105,95,-1.18000
control,105,96,-0.82000
control,105,97,0.20000
control,105,98,-1.46000
control,105,99,-3.08000
control,105,100,0.48000
control,105,101,-0.42000
control,105,102,-0.68000
control,105,103,1.90000
control,105,104,1.00000
control,105,105,-1.74000
control,105,106,-1.02000
control,105,107,0.28000
control,105,108,-1.54000
control,105,109,-3.10000
control,105,110,0.32000
control,105,111,0.46000
control,105,112,0.06000
control,105,113,0.44000
control,105,114,-1.02000
control,105,115,-0.68000
control,105,116,0.32000
control,105,117,0.00000
control,105,118,-0.56000
control,105,119,-1.14000
control,105,120,0.02000
control,105,121,-0.04000
control,105,122,-1.54000
control,105,123,0.28000
control,105,124,0.58000
control,105,125,0.04000
control,105,126,-0.74000
control,105,127,0.26000
control,105,128,1.34000
control,105,129,-0.66000
control,105,130,-1.54000
control,105,131,-1.14000
control,105,132,0.22000
control,105,133,-0.62000
control,105,134,-0.56000
control,105,135,1.78000
control,105,136,-0.66000
control,105,137,-1.54000
control,105,138,-1.58000
control,105,139,0.62000
control,105,140,0.32000
control,105,141,0.00000
control,105,142,0.70000
control,105,143,-1.08000
control,105,144,-0.46000
control,105,145,-0.48000
control,105,146,1.48000
control,105,147,1.76000
control,105,148,-0.02000
control,105,149,-1.16000
control,105,150,-1.68000
control,105,151,0.12000
control,105,152,-1.56000
control,105,153,0.60000
control,105,154,0.04000
control,105,155,-0.38000
control,105,156,-0.32000
control,105,157,1.44000
control,105,158,1.84000
control,105,159,1.16000
control,105,160,-0.62000
control,105,161,-0.88000
control,105,162,-1.66000
control,105,163,-0.28000
control,105,164,-1.50000
control,105,165,-2.06000
control,105,166,0.82000
control,105,167,0.06000
control,105,168,0.06000
control,105,169,-0.46000
control,105,170,1.40000
control,105,171,1.76000
control,105,172,-0.02000
control,105,173,-0.26000
control,105,174,-1.32000
control,105,175,-1.28000
control,105,176,0.16000
control,105,177,-0.62000
control,105,178,-1.74000
control,105,179,1.20000
control,106,1,0.70000
control,106,2,-2.44000
control,106,3,-1.74000
control,106,4,-1.08000
control,106,5,0.02000
control,106,6,-2.44000
control,106,7,-1.38000
control,106,8,0.22000
control,106,9,-3.10000
control,106,10,1.28000
control,106,11,1.80000
control,106,12,1.48000
control,106,13,0.56000
control,106,14,-0.34000
control,106,15,-2.52000
control,106,16,0.80000
control,106,17,1.18000
control,106,18,-2.04000
control,106,19,-3.38000
control,106,20,0.10000
control,106,21,-1.00000
control,106,22,2.34000
control,106,23,1.56000
control,106,24,1.02000
control,106,25,-3.16000
control,106,26,-2.50000
control,106,27,-1.62000
control,106,28,1.14000
control,106,29,1.32000
control,106,30,1.90000
control,106,31,-1.64000
control,106,32,1.20000
control,106,33,-2.30000
control,106,34,2.46000
control,106,35,-0.96000
control,106,36,1.58000
control,106,37,0.76000
control,106,38,-2.32000
control,106,39,1.34000
control,106,40,2.00000
control,106,41,-2.16000
control,106,42,-3.46000
control,106,43,-1.38000
control,106,44,2.18000
control,106,45,1.38000
control,106,46,1.32000
control,106,47,-0.26000
control,106,48,-1.84000
control,106,49,2.14000
control,106,50,2.12000
control,106,51,-0.66000
control,106,52,-2.20000
control,106,53,2.90000
control,106,54,0.20000
control,106,55,-2.08000
control,106,56,1.06000
control,106,57,1.50000
control,106,58,1.92000
control,106,59,1.46000
control,106,60,0.88000
control,106,61,0.98000
control,106,62,-2.32000
control,106,63,-1.54000
control,106,64,-1.60000
control,106,65,1.18000
control,106,66,0.92000
control,106,67,-0.42000
control,106,68,-2.90000
control,106,69,-2.18000
control,106,70,-2.32000
control,106,71,-1.68000
control,106,72,-1.10000
control,106,73,1.30000
control,106,74,2.26000
control,106,75,0.90000
control,106,76,0.46000
control,106,77,1.34000
control,106,78,-2.20000
control,106,79,-3.82000
control,106,80,0.58000
control,106,81,-0.88000
control,106,82,1.42000
control,106,83,1.76000
control,106,84,1.04000
control,106,85,1.88000
control,106,86,1.34000
control,106,87,-1.70000
control,106,88,2.36000
control,106,89,2.02000
control,106,90,1.14000
control,106,91,-2.24000
control,106,92,-3.88000
control,106,93,-1.00000
control,106,94,-2.32000
control,106,95,1.44000
control,106,96,1.92000
control,106,97,-1.68000
control,106,98,1.56000
control,106,99,2.58000
control,106,100,-2.76000
control,106,101,-1.68000
control,106,102,-3.74000
control,106,103,-0.98000
control,106,104,-2.14000
control,106,105,1.26000
control,106,106,1.28000
control,106,107,0.60000
control,106,108,2.74000
control,106,109,2.52000
control,106,110,-1.94000
control,106,111,-2.62000
control,106,112,1.82000
control,106,113,0.48000
control,106,114,-0.76000
control,106,115,1.02000
control,106,116,2.06000
control,106,117,-3.56000
control,106,118,-1.46000
control,106,119,-1.24000
control,106,120,1.72000
control,106,121,1.54000
control,106,122,-0.62000
control,106,123,-3.28000
control,106,124,-2.34000
control,106,125,-2.98000
control,106,126,-1.64000
control,106,127,-0.24000
control,106,128,-0.76000
control,106,129,1.12000
control,106,130,2.16000
control,106,131,-3.02000
control,106,132,-1.48000
control,106,133,1.40000
control,106,134,1.42000
control,106,135,-0.44000
control,106,136,1.70000
control,106,137,-0.22000
control,106,138,1.40000
control,106,139,0.90000
control,106,140,2.38000
control,106,141,-2.42000
control,106,142,0.82000
control,106,143,-0.34000
control,106,144,-2.80000
control,106,145,0.08000
control,106,146,0.28000
control,106,147,1.08000
control,106,148,2.56000
control,106,149,-2.50000
control,106,150,-1.58000
control,106,151,-0.74000
control,106,152,-0.90000
control,106,153,-1.34000
control,106,154,-2.86000
control,106,155,3.56000
control,106,156,-0.82000
control,106,157,1.52000
control,106,158,0.84000
control,106,159,-0.94000
control,106,160,2.30000
control,106,161,-1.46000
control,106,162,-1.68000
control,106,163,-2.48000
control,106,164,3.48000
control,106,165,0.50000
control,106,166,-0.84000
control,106,167,1.90000
control,106,168,0.74000
control,106,169,2.46000
control,106,170,2.08000
control,106,171,0.72000
control,106,172,-0.42000
control,106,173,-1.20000
control,106,174,-2.46000
control,106,175,-0.20000
control,106,176,-0.64000
control,106,177,1.04000
control,106,178,3.40000
control,106,179,1.94000
control,107,1,-0.56000
control,107,2,0.20000
control,107,3,1.00000
control,107,4,2.80000
control,107,5,-0.22000
control,107,6,-0.30000
control,107,7,0.16000
control,107,8,-0.90000
control,107,9,-2.86000
control,107,10,2.78000
control,107,11,-1.16000
control,107,12,-0.38000
control,107,13,0.86000
control,107,14,0.12000
control,107,15,1.08000
control,107,16,-0.26000
control,107,17,-0.72000
control,107,18,-2.00000
control,107,19,2.70000
control,107,20,0.78000
control,107,21,0.28000
control,107,22,-2.30000
control,107,23,-1.08000
control,107,24,-0.28000
control,107,25,-1.14000
control,107,26,2.76000
control,107,27,0.00000
control,107,28,0.76000
control,107,29,-2.88000
control,107,30,-0.16000
control,107,31,-1.02000
control,107,32,-0.64000
control,107,33,0.36000
control,107,34,-0.96000
control,107,35,-1.92000
control,107,36,2.78000
control,107,37,2.46000
control,107,38,0.72000
control,107,39,0.64000
control,107,40,0.84000
control,107,41,1.18000
control,107,42,-2.90000
control,107,43,-0.38000
control,107,44,-0.18000
control,107,45,-0.52000
control,107,46,-1.38000
control,107,47,-2.86000
control,107,48,2.72000
control,107,49,0.46000
control,107,50,0.40000
control,107,51,-2.48000
control,107,52,-0.62000
control,107,53,-0.58000
control,107,54,-0.98000
control,107,55,-1.54000
control,107,56,2.80000
control,107,57,2.30000
control,107,58,-0.40000
control,107,59,-0.02000
control,107,60,0.06000
control,107,61,2.52000
control,107,62,-2.76000
control,107,63,-0.10000
control,107,64,-0.56000
control,107,65,-0.42000
control,107,66,-1.54000
control,107,67,2.74000
control,107,68,2.70000
control,107,69,0.34000
control,107,70,1.62000
control,107,71,-0.40000
control,107,72,-0.04000
control,107,73,-0.44000
control,107,74,-0.10000
control,107,75,-0.20000
control,107,76,-1.30000
control,107,77,2.70000
control,107,78,-0.36000
control,107,79,0.10000
control,107,80,1.26000
control,107,81,-0.62000
control,107,82,0.00000
control,107,83,0.14000
control,107,84,-0.58000
control,107,85,0.38000
control,107,86,-0.32000
control,107,87,1.08000
control,107,88,1.74000
control,107,89,-2.84000
control,107,90,-0.50000
control,107,91,-0.46000
control,107,92,-0.34000
control,107,93,0.10000
control,107,94,-2.52000
control,107,95,0.02000
control,107,96,0.08000
control,107,97,0.98000
control,107,98,1.86000
control,107,99,-2.86000
control,107,100,-1.76000
control,107,101,-0.22000
control,107,102,-0.02000
control,107,103,-0.40000
control,107,104,-0.62000
control,107,105,-0.92000
control,107,106,-1.44000
control,107,107,2.74000
control,107,108,-0.58000
control,107,109,-0.38000
control,107,110,0.34000
control,107,111,0.46000
control,107,112,1.36000
control,107,113,-2.78000
control,107,114,-0.34000
control,107,115,-0.54000
control,107,116,-0.50000
control,107,117,-0.80000
control,107,118,-0.68000
control,107,119,2.74000
control,107,120,1.00000
control,107,121,-0.38000
control,107,122,0.80000
control,107,123,1.42000
control,107,124,-2.86000
control,107,125,-2.70000
control,107,126,-0.42000
control,107,127,0.10000
control,107,128,-0.28000
control,107,129,-0.34000
control,107,130,-1.76000
control,107,131,0.70000
control,107,132,-0.34000
control,107,133,0.34000
control,107,134,1.40000
control,107,135,1.94000
control,107,136,-2.76000
control,107,137,-0.24000
control,107,138,-0.18000
control,107,139,0.12000
control,107,140,-0.66000
control,107,141,-0.04000
control,107,142,-1.00000
control,107,143,2.76000
control,107,144,-0.34000
control,107,145,0.56000
control,107,146,0.32000
control,107,147,-2.76000
control,107,148,-0.34000
control,107,149,-0.42000
control,107,150,-0.04000
control,107,151,-0.68000
control,107,152,-0.62000
control,107,153,2.76000
control,107,154,0.46000
control,107,155,0.30000
control,107,156,0.92000
control,107,157,-2.66000
control,107,158,-0.40000
control,107,159,0.30000
control,107,160,-0.84000
control,107,161,-0.54000
control,107,162,-0.98000
control,107,163,-1.16000
control,107,164,-1.54000
control,107,165,-0.46000
control,107,166,-0.34000
control,107,167,-0.30000
control,107,168,0.92000
control,107,169,-3.12000
control,107,170,-0.32000
control,107,171,-0.92000
control,107,172,-0.06000
control,107,173,-0.40000
control,107,174,-1.60000
control,107,175,2.76000
control,107,176,2.74000
control,107,177,2.86000
control,107,178,0.26000
control,107,179,1.24000
control,108,1,-1.30000
control,108,2,-1.28000
control,108,3,-0.72000
control,108,4,-1.28000
control,108,5,0.18000
control,108,6,0.70000
control,108,7,1.78000
control,108,8,0.20000
control,108,9,-1.20000
control,108,10,-0.08000
control,108,11,-0.28000
control,108,12,0.38000
control,108,13,-0.04000
control,108,14,-0.64000
control,108,15,-0.56000
control,108,16,0.58000
control,108,17,0.72000
control,108,18,1.36000
control,108,19,1.26000
control,108,20,-0.60000
control,108,21,-1.22000
control,108,22,0.48000
control,108,23,0.50000
control,108,24,0.32000
control,108,25,1.88000
control,108,26,-1.58000
control,108,27,-1.00000
control,108,28,-1.72000
control,108,29,-0.22000
control,108,30,-0.22000
control,108,31,0.56000
control,108,32,0.46000
control,108,33,0.24000
control,108,34,1.90000
control,108,35,1.40000
control,108,36,0.10000
control,108,37,-1.30000
control,108,38,-0.28000
control,108,39,-0.06000
control,108,40,-0.62000
control,108,41,0.46000
control,108,42,1.96000
control,108,43,-0.08000
control,108,44,-0.96000
control,108,45,-1.56000
control,108,46,0.06000
control,108,47,0.56000
control,108,48,0.70000
control,108,49,0.12000
control,108,50,1.92000
control,108,51,-0.42000
control,108,52,-1.28000
control,108,53,0.58000
control,108,54,-0.32000
control,108,55,0.54000
control,108,56,1.78000
control,108,57,-0.46000
control,108,58,-0.28000
control,108,59,-1.28000
control,108,60,-0.46000
control,108,61,-1.70000
control,108,62,0.02000
control,108,63,0.28000
control,108,64,0.56000
control,108,65,-0.42000
control,108,66,0.32000
control,108,67,0.94000
control,108,68,-1.52000
control,108,69,-1.04000
control,108,70,0.18000
control,108,71,0.66000
control,108,72,1.68000
control,108,73,-0.26000
control,108,74,-1.12000
control,108,75,-1.24000
control,108,76,-1.06000
control,108,77,-0.76000
control,108,78,0.40000
control,108,79,0.84000
control,108,80,0.00000
control,108,81,1.90000
control,108,82,-0.14000
control,108,83,0.34000
control,108,84,1.00000
control,108,85,0.28000
control,108,86,-1.18000
control,108,87,0.98000
control,108,88,-0.12000
control,108,89,-0.54000
control,108,90,1.84000
control,108,91,-0.34000
control,108,92,-1.14000
control,108,93,-1.22000
control,108,94,-1.56000
control,108,95,0.12000
control,108,96,0.68000
control,108,97,0.36000
control,108,98,2.06000
control,108,99,-0.56000
control,108,100,0.28000
control,108,101,0.92000
control,108,102,-0.72000
control,108,103,-1.38000
control,108,104,-0.14000
control,108,105,-0.98000
control,108,106,-1.06000
control,108,107,-1.04000
control,108,108,-1.28000
control,108,109,-0.26000
control,108,110,0.24000
control,108,111,0.98000
control,108,112,0.44000
control,108,113,1.98000
control,108,114,-0.78000
control,108,115,0.26000
control,108,116,0.08000
control,108,117,-1.26000
control,108,118,-1.06000
control,108,119,1.38000
control,108,120,0.82000
control,108,121,-0.88000
control,108,122,-0.66000
control,108,123,-0.98000
control,108,124,-1.32000
control,108,125,0.34000
control,108,126,0.42000
control,108,127,-0.36000
control,108,128,1.88000
control,108,129,-0.60000
control,108,130,0.18000
control,108,131,0.16000
control,108,132,-1.28000
control,108,133,1.30000
control,108,134,0.92000
control,108,135,1.78000
control,108,136,0.08000
control,108,137,-1.08000
control,108,138,-1.44000
control,108,139,-0.02000
control,108,140,0.40000
control,108,141,0.56000
control,108,142,1.76000
control,108,143,2.76000
control,108,144,0.18000
control,108,145,0.06000
control,108,146,0.44000
control,108,147,-1.22000
control,108,148,1.12000
control,108,149,1.00000
control,108,150,1.48000
control,108,151,-0.82000
control,108,152,-0.98000
control,108,153,-0.78000
control,108,154,-1.48000
control,108,155,0.86000
control,108,156,-0.08000
control,108,157,2.08000
control,108,158,-0.44000
control,108,159,0.30000
control,108,160,-0.12000
control,108,161,0.42000
control,108,162,-1.80000
control,108,163,-1.88000
control,108,164,1.32000
control,108,165,-1.16000
control,108,166,0.72000
control,108,167,-1.02000
control,108,168,0.44000
control,108,169,0.22000
control,108,170,1.90000
control,108,171,3.20000
control,108,172,0.36000
control,108,173,0.26000
control,108,174,-1.14000
control,108,175,-1.24000
control,108,176,1.44000
control,108,177,1.48000
control,108,178,0.92000
control,108,179,-1.10000
control,109,1,4.30000
control,109,2,1.82000
control,109,3,2.04000
control,109,4,0.92000
control,109,5,1.88000
control,109,6,-0.88000
control,109,7,-2.84000
control,109,8,1.16000
control,109,9,-4.64000
control,109,10,1.80000
control,109,11,-2.90000
control,109,12,1.80000
control,109,13,1.66000
control,109,14,2.10000
control,109,15,4.74000
control,109,16,1.12000
control,109,17,-2.82000
control,109,18,0.92000
control,109,19,-3.16000
control,109,20,-1.48000
control,109,21,0.62000
control,109,22,-4.36000
control,109,23,1.48000
control,109,24,-0.58000
control,109,25,-2.80000
control,109,26,2.00000
control,109,27,1.24000
control,109,28,-1.10000
control,109,29,0.66000
control,109,30,-1.76000
control,109,31,3.62000
control,109,32,1.00000
control,109,33,0.90000
control,109,34,-3.08000
control,109,35,-1.32000
control,109,36,0.02000
control,109,37,1.20000
control,109,38,-4.34000
control,109,39,2.02000
control,109,40,0.82000
control,109,41,1.50000
control,109,42,-0.72000
control,109,43,0.78000
control,109,44,-1.32000
control,109,45,0.30000
control,109,46,0.60000
control,109,47,-2.90000
control,109,48,2.06000
control,109,49,-2.62000
control,109,50,-4.78000
control,109,51,-0.94000
control,109,52,0.90000
control,109,53,-1.84000
control,109,54,0.86000
control,109,55,1.44000
control,109,56,2.46000
control,109,57,2.60000
control,109,58,1.34000
control,109,59,1.64000
control,109,60,1.02000
control,109,61,0.52000
control,109,62,-3.04000
control,109,63,1.96000
control,109,64,-2.66000
control,109,65,-0.84000
control,109,66,0.58000
control,109,67,-1.90000
control,109,68,0.58000
control,109,69,4.16000
control,109,70,1.84000
control,109,71,-2.86000
control,109,72,1.42000
control,109,73,-0.04000
control,109,74,0.80000
control,109,75,0.44000
control,109,76,-0.88000
control,109,77,-2.68000
control,109,78,1.20000
control,109,79,-1.46000
control,109,80,0.34000
control,109,81,1.58000
control,109,82,2.92000
control,109,83,0.90000
control,109,84,-1.78000
control,109,85,3.12000
control,109,86,1.04000
control,109,87,0.46000
control,109,88,-2.96000
control,109,89,-3.06000
control,109,90,-3.16000
control,109,91,2.08000
control,109,92,0.36000
control,109,93,2.28000
control,109,94,4.50000
control,109,95,-2.94000
control,109,96,-1.42000
control,109,97,1.54000
control,109,98,1.24000
control,109,99,-1.78000
control,109,100,-2.08000
control,109,101,-0.94000
control,109,102,-0.06000
control,109,103,-2.06000
control,109,104,1.30000
control,109,105,3.16000
control,109,106,-1.30000
control,109,107,1.98000
control,109,108,0.96000
control,109,109,-3.08000
control,109,110,3.80000
control,109,111,-2.82000
control,109,112,1.08000
control,109,113,-0.74000
control,109,114,-0.10000
control,109,115,-2.38000
control,109,116,2.24000
control,109,117,0.62000
control,109,118,0.16000
control,109,119,-1.28000
control,109,120,1.78000
control,109,121,1.62000
control,109,122,-2.98000
control,109,123,2.26000
control,109,124,1.04000
control,109,125,-3.32000
control,109,126,1.40000
control,109,127,-1.38000
control,109,128,2.78000
control,109,129,1.56000
control,109,130,3.62000
control,109,131,-1.80000
control,109,132,1.74000
control,109,133,2.62000
control,109,134,1.98000
control,109,135,1.50000
control,109,136,3.74000
control,109,137,-1.74000
control,109,138,1.00000
control,109,139,-1.14000
control,109,140,-2.74000
control,109,141,1.98000
control,109,142,0.18000
control,109,143,-3.74000
control,109,144,2.18000
control,109,145,-1.64000
control,109,146,1.86000
control,109,147,-0.34000
control,109,148,-1.58000
control,109,149,-2.28000
control,109,150,2.18000
control,109,151,-2.58000
control,109,152,0.90000
control,109,153,-0.86000
control,109,154,-0.20000
control,109,155,-2.26000
control,109,156,2.34000
control,109,157,1.60000
control,109,158,0.06000
control,109,159,-1.66000
control,109,160,3.60000
control,109,161,2.44000
control,109,162,-1.18000
control,109,163,1.88000
control,109,164,-0.84000
control,109,165,2.44000
control,109,166,2.38000
control,109,167,2.40000
control,109,168,-2.28000
control,109,169,0.80000
control,109,170,2.76000
control,109,171,2.12000
control,109,172,0.36000
control,109,173,-2.30000
control,109,174,4.04000
control,109,175,-1.20000
control,109,176,1.92000
control,109,177,2.18000
control,109,178,0.10000
control,109,179,-1.40000
